{
"type": "FeatureCollection",
"name": "KT_Lytrinh_polyline",
"crs": { "type": "name", "properties": { "name": "urn:ogc:def:crs:OGC:1.3:CRS84" } },
"features": [
{ "type": "Feature", "properties": { "Id": 0, "LnType": 1, "LeftLn_FID": 1, "RightLn_FI": 0, "Chieudai": 107.48, "Lytrinh_Ke": "K39+000 ÷ K39+107,48" }, "geometry": { "type": "MultiLineString", "coordinates": [ [ [ 105.979528606000073, 11.416712083000052, 0.0 ], [ 105.979545820500064, 11.416716503000055, 0.0 ], [ 105.979573535000057, 11.416716973500048, 0.0 ], [ 105.979811315000063, 11.416702864500046, 0.0 ], [ 105.980166086500105, 11.416697841000026, 0.0 ], [ 105.980419497500066, 11.416691210500005, 0.0 ], [ 105.980512489802564, 11.416686792076746, 0.0 ] ] ] } },
{ "type": "Feature", "properties": { "Id": 0, "LnType": 1, "LeftLn_FID": 1, "RightLn_FI": 0, "Chieudai": 100.0, "Lytrinh_Ke": "K38+900 ÷ K39+000" }, "geometry": { "type": "MultiLineString", "coordinates": [ [ [ 105.980512489802564, 11.416686792076746, 0.0 ], [ 105.980517290000023, 11.416686564000035, 0.0 ], [ 105.980522573000073, 11.416686826500042, 0.0 ], [ 105.980527859000063, 11.416687089500027, 0.0 ], [ 105.980601582500043, 11.416677609000033, 0.0 ], [ 105.980695920500068, 11.416667108000057, 0.0 ], [ 105.980767170500101, 11.41666319950005, 0.0 ], [ 105.980878659000069, 11.416648923500066, 0.0 ], [ 105.98091984000007, 11.416647094000062, 0.0 ], [ 105.980982118500066, 11.416644212500088, 0.0 ], [ 105.981117269500061, 11.416643627500079, 0.0 ], [ 105.981173624500059, 11.416640452000095, 0.0 ], [ 105.981176437500068, 11.416640292000071, 0.0 ], [ 105.981268611000075, 11.416636987000061, 0.0 ], [ 105.981426460286912, 11.416640457301826, 0.0 ] ] ] } },
{ "type": "Feature", "properties": { "Id": 0, "LnType": 1, "LeftLn_FID": 1, "RightLn_FI": 0, "Chieudai": 100.0, "Lytrinh_Ke": "K38+800 ÷ K38+900" }, "geometry": { "type": "MultiLineString", "coordinates": [ [ [ 105.981426460286912, 11.416640457301826, 0.0 ], [ 105.981493425500062, 11.416641929500026, 0.0 ], [ 105.981497411000035, 11.41664334, 0.0 ], [ 105.981574270000038, 11.416646043000052, 0.0 ], [ 105.981688434000063, 11.416640307500016, 0.0 ], [ 105.981689790000047, 11.416640284500016, 0.0 ], [ 105.981696571000043, 11.416640168000061, 0.0 ], [ 105.981701995000037, 11.416640075000013, 0.0 ], [ 105.981886539000072, 11.416615255500027, 0.0 ], [ 105.981993550000084, 11.416611234500046, 0.0 ], [ 105.982105310500089, 11.4166072695001, 0.0 ], [ 105.982224638500071, 11.416599036000084, 0.0 ], [ 105.982340335193228, 11.416594859772273, 0.0 ] ] ] } },
{ "type": "Feature", "properties": { "Id": 0, "LnType": 1, "LeftLn_FID": 1, "RightLn_FI": 0, "Chieudai": 100.0, "Lytrinh_Ke": "K38+700 ÷ K38+800" }, "geometry": { "type": "MultiLineString", "coordinates": [ [ [ 105.982340335193228, 11.416594859772271, 0.0 ], [ 105.982555887500041, 11.416587079000042, 0.0 ], [ 105.983018307000066, 11.416571262000019, 0.0 ], [ 105.983255896500083, 11.416566278000015, 0.0 ], [ 105.983256422440306, 11.416566242697089, 0.0 ] ] ] } },
{ "type": "Feature", "properties": { "Id": 0, "LnType": 1, "LeftLn_FID": 1, "RightLn_FI": 0, "Chieudai": 100.0, "Lytrinh_Ke": "K38+600 ÷ K38+700" }, "geometry": { "type": "MultiLineString", "coordinates": [ [ [ 105.983256422440306, 11.416566242697089, 0.0 ], [ 105.983448332000066, 11.416553361000075, 0.0 ], [ 105.98376006050006, 11.416545876000086, 0.0 ], [ 105.983968401000055, 11.416532541000088, 0.0 ], [ 105.984171753099275, 11.416522407735378, 0.0 ] ] ] } },
{ "type": "Feature", "properties": { "Id": 0, "LnType": 1, "LeftLn_FID": 1, "RightLn_FI": 0, "Chieudai": 100.0, "Lytrinh_Ke": "K38+500 ÷ K38+600" }, "geometry": { "type": "MultiLineString", "coordinates": [ [ [ 105.984171753099275, 11.416522407735378, 0.0 ], [ 105.984195849000059, 11.416521207000084, 0.0 ], [ 105.985087612188778, 11.416487002496467, 0.0 ] ] ] } },
{ "type": "Feature", "properties": { "Id": 0, "LnType": 1, "LeftLn_FID": 1, "RightLn_FI": 0, "Chieudai": 100.0, "Lytrinh_Ke": "K38+400 ÷ K38+500" }, "geometry": { "type": "MultiLineString", "coordinates": [ [ [ 105.985087612188778, 11.416487002496467, 0.0 ], [ 105.98527718200009, 11.416479731000045, 0.0 ], [ 105.9856154685001, 11.416463803000017, 0.0 ], [ 105.985971095500076, 11.416453956000041, 0.0 ], [ 105.986003492058444, 11.41645298406792, 0.0 ] ] ] } },
{ "type": "Feature", "properties": { "Id": 0, "LnType": 1, "LeftLn_FID": 1, "RightLn_FI": 0, "Chieudai": 100.0, "Lytrinh_Ke": "K38+300 ÷ K38+400" }, "geometry": { "type": "MultiLineString", "coordinates": [ [ [ 105.986003492058444, 11.41645298406792, 0.0 ], [ 105.986131438500109, 11.416449145500048, 0.0 ], [ 105.986851666000064, 11.416420714000049, 0.0 ], [ 105.98691926970767, 11.416416273375027, 0.0 ] ] ] } },
{ "type": "Feature", "properties": { "Id": 0, "LnType": 1, "LeftLn_FID": 1, "RightLn_FI": 0, "Chieudai": 100.0, "Lytrinh_Ke": "K38+200 ÷ K38+300" }, "geometry": { "type": "MultiLineString", "coordinates": [ [ [ 105.98691926970767, 11.416416273375027, 0.0 ], [ 105.987070478500058, 11.416406341000073, 0.0 ], [ 105.987341969500051, 11.416404900500076, 0.0 ], [ 105.987428412500051, 11.416400288500048, 0.0 ], [ 105.987641593500058, 11.416392815500057, 0.0 ], [ 105.987835144702743, 11.416387060031301, 0.0 ] ] ] } },
{ "type": "Feature", "properties": { "Id": 0, "LnType": 1, "LeftLn_FID": 1, "RightLn_FI": 0, "Chieudai": 100.0, "Lytrinh_Ke": "K38+100 ÷ K38+200" }, "geometry": { "type": "MultiLineString", "coordinates": [ [ [ 105.987835144702743, 11.416387060031301, 0.0 ], [ 105.988751290712386, 11.41635981563887, 0.0 ] ] ] } },
{ "type": "Feature", "properties": { "Id": 0, "LnType": 1, "LeftLn_FID": 1, "RightLn_FI": 0, "Chieudai": 100.0, "Lytrinh_Ke": "K38+000 ÷ K38+100" }, "geometry": { "type": "MultiLineString", "coordinates": [ [ [ 105.988751290712386, 11.41635981563887, 0.0 ], [ 105.988821370000096, 11.416357731500041, 0.0 ], [ 105.98918294550009, 11.416339109500054, 0.0 ], [ 105.989254876000103, 11.416335245500036, 0.0 ], [ 105.989261779509491, 11.41633473662775, 0.0 ], [ 105.989332323000099, 11.416338673, 0.0 ], [ 105.989344500000101, 11.416339316000071, 0.0 ], [ 105.989421148500085, 11.41633747500005, 0.0 ], [ 105.989426508000079, 11.416337284500019, 0.0 ], [ 105.989497172000057, 11.416327947000029, 0.0 ], [ 105.989498486500082, 11.416327954000034, 0.0 ], [ 105.989556605000104, 11.416325213000054, 0.0 ], [ 105.989563145000105, 11.41632538050003, 0.0 ], [ 105.989661435000116, 11.416309785500069, 0.0 ], [ 105.989665078564556, 11.416309972970952, 0.0 ] ] ] } },
{ "type": "Feature", "properties": { "Id": 0, "LnType": 1, "LeftLn_FID": 1, "RightLn_FI": 0, "Chieudai": 100.0, "Lytrinh_Ke": "K37+900 ÷ K38+000" }, "geometry": { "type": "MultiLineString", "coordinates": [ [ [ 105.989665078564556, 11.416309972970954, 0.0 ], [ 105.989666546500104, 11.416310048500046, 0.0 ], [ 105.989996156000046, 11.416278904500103, 0.0 ], [ 105.990119815500066, 11.416262431500069, 0.0 ], [ 105.990422983500054, 11.41626109250009, 0.0 ], [ 105.990577852213434, 11.416242420789052, 0.0 ] ] ] } },
{ "type": "Feature", "properties": { "Id": 0, "LnType": 1, "LeftLn_FID": 1, "RightLn_FI": 0, "Chieudai": 100.0, "Lytrinh_Ke": "K37+800 ÷ K37+900" }, "geometry": { "type": "MultiLineString", "coordinates": [ [ [ 105.990577852213434, 11.416242420789052, 0.0 ], [ 105.990579754000052, 11.416242191500066, 0.0 ], [ 105.990688460000086, 11.416246612500046, 0.0 ], [ 105.990689956043099, 11.416246407814462, 0.0 ], [ 105.990697427712917, 11.416245385555678, 0.0 ], [ 105.990707204000074, 11.416247201500049, 0.0 ], [ 105.990714324000095, 11.416247802500063, 0.0 ], [ 105.990725898500074, 11.416247789000053, 0.0 ], [ 105.990731516500048, 11.416248593500042, 0.0 ], [ 105.990738615000055, 11.416249193000045, 0.0 ], [ 105.990748421500072, 11.416249696000026, 0.0 ], [ 105.990760924000085, 11.41625010400003, 0.0 ], [ 105.990773429500109, 11.416250495000059, 0.0 ], [ 105.990779117500082, 11.416249951500063, 0.0 ], [ 105.990784800500109, 11.416249408000064, 0.0 ], [ 105.990798696000056, 11.416249663500045, 0.0 ], [ 105.990804366000077, 11.416249120500019, 0.0 ], [ 105.990823891500099, 11.416248834000051, 0.0 ], [ 105.990828131000058, 11.416248428000021, 0.0 ], [ 105.990847738500065, 11.416245520500045, 0.0 ], [ 105.990874463000068, 11.416240523500042, 0.0 ], [ 105.990881607500086, 11.41623844800003, 0.0 ], [ 105.990901613000091, 11.416232332500027, 0.0 ], [ 105.99118048750006, 11.416227217000042, 0.0 ], [ 105.99118764900004, 11.416225070000076, 0.0 ], [ 105.991200209000056, 11.416220220000083, 0.0 ], [ 105.991205474000054, 11.416218942500073, 0.0 ], [ 105.991210739000039, 11.416217665000058, 0.0 ], [ 105.991216004000037, 11.416216388000088, 0.0 ], [ 105.991222525500035, 11.416215187000063, 0.0 ], [ 105.991231564000032, 11.41621413950006, 0.0 ], [ 105.991245765000059, 11.416213206000084, 0.0 ], [ 105.991253252000064, 11.416213787000052, 0.0 ], [ 105.991262268500037, 11.416212806500036, 0.0 ], [ 105.991276386500061, 11.416212062000067, 0.0 ], [ 105.991281457500065, 11.416212349000045, 0.0 ], [ 105.991296942000076, 11.41621155200008, 0.0 ], [ 105.991303311500062, 11.416211882500072, 0.0 ], [ 105.991308410000045, 11.416212146500079, 0.0 ], [ 105.99131734100007, 11.416212609000084, 0.0 ], [ 105.991322448000034, 11.416212874000079, 0.0 ], [ 105.99133267250005, 11.416213403500098, 0.0 ], [ 105.991340349500064, 11.416213801500085, 0.0 ], [ 105.991489592450108, 11.416208046256422, 0.0 ] ] ] } },
{ "type": "Feature", "properties": { "Id": 0, "LnType": 1, "LeftLn_FID": 1, "RightLn_FI": 0, "Chieudai": 100.0, "Lytrinh_Ke": "K37+700 ÷ K37+800" }, "geometry": { "type": "MultiLineString", "coordinates": [ [ [ 105.991489592450108, 11.416208046256422, 0.0 ], [ 105.991576171000077, 11.416204707500093, 0.0 ], [ 105.99188482550008, 11.416195889500061, 0.0 ], [ 105.992319113000093, 11.416181701500038, 0.0 ], [ 105.992405687632953, 11.416179385178594, 0.0 ] ] ] } },
{ "type": "Feature", "properties": { "Id": 0, "LnType": 1, "LeftLn_FID": 1, "RightLn_FI": 0, "Chieudai": 100.0, "Lytrinh_Ke": "K37+600 ÷ K37+700" }, "geometry": { "type": "MultiLineString", "coordinates": [ [ [ 105.992405687632953, 11.416179385178594, 0.0 ], [ 105.992532602500091, 11.416175989500042, 0.0 ], [ 105.992538206500058, 11.416175504500073, 0.0 ], [ 105.992546605500081, 11.416174778000052, 0.0 ], [ 105.992554860668619, 11.416174256668423, 0.0 ], [ 105.992561660000092, 11.416173931500028, 0.0 ], [ 105.992567098000052, 11.416173673500053, 0.0 ], [ 105.992575252000051, 11.416173287000067, 0.0 ], [ 105.992582044000102, 11.416172965000024, 0.0 ], [ 105.992588833264918, 11.416172638115816, 0.0 ], [ 105.992594263000072, 11.416172385500039, 0.0 ], [ 105.99259836306922, 11.416172148696754, 0.0 ], [ 105.992612328500059, 11.416169630000068, 0.0 ], [ 105.992620542000083, 11.416169105500073, 0.0 ], [ 105.992626015000099, 11.416168755500033, 0.0 ], [ 105.992634219000053, 11.416168231500045, 0.0 ], [ 105.992642252000053, 11.416167985500064, 0.0 ], [ 105.992648912000064, 11.41616783800005, 0.0 ], [ 105.99265557150008, 11.416167690500036, 0.0 ], [ 105.992660898500077, 11.416167572000035, 0.0 ], [ 105.992666225000079, 11.41616745400002, 0.0 ], [ 105.992671552000076, 11.416167336000061, 0.0 ], [ 105.992676883000073, 11.416167211500051, 0.0 ], [ 105.992684946000068, 11.416166900500025, 0.0 ], [ 105.992703980500096, 11.41616452050005, 0.0 ], [ 105.992709348000091, 11.416164314000033, 0.0 ], [ 105.992716056000063, 11.416164055500051, 0.0 ], [ 105.992730697000098, 11.416162473000064, 0.0 ], [ 105.992735872000083, 11.416162630500072, 0.0 ], [ 105.992756845500054, 11.416161524500057, 0.0 ], [ 105.992763356500078, 11.416161659000036, 0.0 ], [ 105.992771174000097, 11.416161821000035, 0.0 ], [ 105.992776398500098, 11.416161909000058, 0.0 ], [ 105.992784244500072, 11.416162024000069, 0.0 ], [ 105.992792094000094, 11.416162139500083, 0.0 ], [ 105.992798637500115, 11.416162236000048, 0.0 ], [ 105.992805183500082, 11.416162332000052, 0.0 ], [ 105.992810420500064, 11.416162411500036, 0.0 ], [ 105.993320870767633, 11.416137548725857, 0.0 ] ] ] } },
{ "type": "Feature", "properties": { "Id": 0, "LnType": 1, "LeftLn_FID": 1, "RightLn_FI": 0, "Chieudai": 100.0, "Lytrinh_Ke": "K37+500 ÷ K37+600" }, "geometry": { "type": "MultiLineString", "coordinates": [ [ [ 105.993320870767633, 11.416137548725857, 0.0 ], [ 105.993358702500046, 11.416135706000048, 0.0 ], [ 105.993707822500085, 11.416123236000043, 0.0 ], [ 105.993960560500113, 11.416110444000049, 0.0 ], [ 105.994236736878761, 11.416103623106364, 0.0 ] ] ] } },
{ "type": "Feature", "properties": { "Id": 0, "LnType": 1, "LeftLn_FID": 1, "RightLn_FI": 0, "Chieudai": 100.0, "Lytrinh_Ke": "K37+400 ÷ K37+500" }, "geometry": { "type": "MultiLineString", "coordinates": [ [ [ 105.994236736878761, 11.416103623106364, 0.0 ], [ 105.994493781000074, 11.416097274500077, 0.0 ], [ 105.995151517000068, 11.416071890500055, 0.0 ], [ 105.99515271150203, 11.416071836108332, 0.0 ] ] ] } },
{ "type": "Feature", "properties": { "Id": 0, "LnType": 1, "LeftLn_FID": 1, "RightLn_FI": 0, "Chieudai": 100.0, "Lytrinh_Ke": "K37+300 ÷ K37+400" }, "geometry": { "type": "MultiLineString", "coordinates": [ [ [ 105.99515271150203, 11.416071836108332, 0.0 ], [ 105.995475878500088, 11.416057120500025, 0.0 ], [ 105.995627717500071, 11.416049734000051, 0.0 ], [ 105.996046620000044, 11.416042226500052, 0.0 ], [ 105.996068664572789, 11.416041625180444, 0.0 ] ] ] } },
{ "type": "Feature", "properties": { "Id": 0, "LnType": 1, "LeftLn_FID": 1, "RightLn_FI": 0, "Chieudai": 100.0, "Lytrinh_Ke": "K37+200 ÷ K37+300" }, "geometry": { "type": "MultiLineString", "coordinates": [ [ [ 105.996068664572789, 11.416041625180444, 0.0 ], [ 105.996490656500015, 11.416030114000034, 0.0 ], [ 105.996984544203798, 11.416007794260308, 0.0 ] ] ] } },
{ "type": "Feature", "properties": { "Id": 0, "LnType": 1, "LeftLn_FID": 1, "RightLn_FI": 0, "Chieudai": 100.0, "Lytrinh_Ke": "K37+100 ÷ K37+200" }, "geometry": { "type": "MultiLineString", "coordinates": [ [ [ 105.996984544203798, 11.416007794260308, 0.0 ], [ 105.997085683000037, 11.416003223500045, 0.0 ], [ 105.997547810500066, 11.415982750000028, 0.0 ], [ 105.997900353570955, 11.415971718341615, 0.0 ] ] ] } },
{ "type": "Feature", "properties": { "Id": 0, "LnType": 1, "LeftLn_FID": 1, "RightLn_FI": 0, "Chieudai": 100.0, "Lytrinh_Ke": "K37+000 ÷ K37+100" }, "geometry": { "type": "MultiLineString", "coordinates": [ [ [ 105.997900353570955, 11.415971718341615, 0.0 ], [ 105.9979619450001, 11.415969791000022, 0.0 ], [ 105.998299253000084, 11.415959528000046, 0.0 ], [ 105.998436405000064, 11.415950938000073, 0.0 ], [ 105.998815859407642, 11.415930146467497, 0.0 ] ] ] } },
{ "type": "Feature", "properties": { "Id": 0, "LnType": 1, "LeftLn_FID": 1, "RightLn_FI": 0, "Chieudai": 100.0, "Lytrinh_Ke": "K36+900 ÷ K37+000" }, "geometry": { "type": "MultiLineString", "coordinates": [ [ [ 105.998815859407642, 11.415930146467497, 0.0 ], [ 105.998888385000072, 11.415926172500082, 0.0 ], [ 105.999282492000049, 11.415910596500039, 0.0 ], [ 105.999555060000063, 11.415900467000043, 0.0 ], [ 105.999731682794419, 11.415894230093542, 0.0 ] ] ] } },
{ "type": "Feature", "properties": { "Id": 0, "LnType": 1, "LeftLn_FID": 1, "RightLn_FI": 0, "Chieudai": 100.0, "Lytrinh_Ke": "K36+800 ÷ K36+900" }, "geometry": { "type": "MultiLineString", "coordinates": [ [ [ 105.999731682794419, 11.415894230093542, 0.0 ], [ 106.000158666500056, 11.415879152000047, 0.0 ], [ 106.000333199500062, 11.415882100000065, 0.0 ], [ 106.000401976500086, 11.41587232500007, 0.0 ], [ 106.00064688902107, 11.415859550127866, 0.0 ] ] ] } },
{ "type": "Feature", "properties": { "Id": 0, "LnType": 1, "LeftLn_FID": 1, "RightLn_FI": 0, "Chieudai": 100.0, "Lytrinh_Ke": "K36+700 ÷ K36+800" }, "geometry": { "type": "MultiLineString", "coordinates": [ [ [ 106.00064688902107, 11.415859550127866, 0.0 ], [ 106.000725551000031, 11.415855447000096, 0.0 ], [ 106.001228257500046, 11.415831229000061, 0.0 ], [ 106.001562603572893, 11.415821905051136, 0.0 ] ] ] } },
{ "type": "Feature", "properties": { "Id": 0, "LnType": 1, "LeftLn_FID": 1, "RightLn_FI": 0, "Chieudai": 100.0, "Lytrinh_Ke": "K36+600 ÷ K36+700" }, "geometry": { "type": "MultiLineString", "coordinates": [ [ [ 106.001562603572893, 11.415821905051136, 0.0 ], [ 106.00189260100008, 11.415812702000018, 0.0 ], [ 106.002367041500094, 11.415802289500043, 0.0 ], [ 106.002369487500061, 11.415802408000058, 0.0 ], [ 106.002376952000105, 11.415802582000071, 0.0 ], [ 106.00239433650006, 11.415804242500073, 0.0 ], [ 106.002401901500065, 11.415804284500048, 0.0 ], [ 106.002409469000085, 11.415804325500083, 0.0 ], [ 106.002414515000055, 11.415804353500034, 0.0 ], [ 106.002421975000061, 11.415804574500054, 0.0 ], [ 106.002426946000071, 11.415804730000023, 0.0 ], [ 106.002435651500079, 11.415805002000054, 0.0 ], [ 106.002450816500101, 11.415803907000047, 0.0 ], [ 106.002461041500041, 11.415802595000082, 0.0 ], [ 106.002475183000058, 11.415801088500032, 0.0 ], [ 106.002478585481001, 11.415800726075775, 0.0 ] ] ] } },
{ "type": "Feature", "properties": { "Id": 0, "LnType": 1, "LeftLn_FID": 1, "RightLn_FI": 0, "Chieudai": 100.0, "Lytrinh_Ke": "K36+500 ÷ K36+600" }, "geometry": { "type": "MultiLineString", "coordinates": [ [ [ 106.002478585481001, 11.415800726075775, 0.0 ], [ 106.002489321500093, 11.415799582500036, 0.0 ], [ 106.002505947000088, 11.415798164000057, 0.0 ], [ 106.002513702000101, 11.415796719000028, 0.0 ], [ 106.002522491500059, 11.415796898500048, 0.0 ], [ 106.002542848000076, 11.415795639500075, 0.0 ], [ 106.002556985500078, 11.415794124500042, 0.0 ], [ 106.002585250000067, 11.415791096500058, 0.0 ], [ 106.002605836000072, 11.415789350500045, 0.0 ], [ 106.00300287400006, 11.415766956500059, 0.0 ], [ 106.003009248000069, 11.415766911000052, 0.0 ], [ 106.003014344500087, 11.415766883000044, 0.0 ], [ 106.003024482000086, 11.415766959000051, 0.0 ], [ 106.00303335600006, 11.41576702500006, 0.0 ], [ 106.003037160000076, 11.41576705350006, 0.0 ], [ 106.003044770500082, 11.41576711050006, 0.0 ], [ 106.003063964500058, 11.415765656000081, 0.0 ], [ 106.003075584000044, 11.415764031000085, 0.0 ], [ 106.003080698000076, 11.415763972500068, 0.0 ], [ 106.003088369000039, 11.415763884500079, 0.0 ], [ 106.003096040500054, 11.415763796000061, 0.0 ], [ 106.003282071500081, 11.41575014900009, 0.0 ], [ 106.003393166017375, 11.415748682038821, 0.0 ] ] ] } },
{ "type": "Feature", "properties": { "Id": 0, "LnType": 1, "LeftLn_FID": 1, "RightLn_FI": 0, "Chieudai": 100.0, "Lytrinh_Ke": "K36+400 ÷ K36+500" }, "geometry": { "type": "MultiLineString", "coordinates": [ [ [ 106.003393166017375, 11.415748682038821, 0.0 ], [ 106.003449549500075, 11.415747937500075, 0.0 ], [ 106.003898079500061, 11.415735799500043, 0.0 ], [ 106.004309015423132, 11.41571514955454, 0.0 ] ] ] } },
{ "type": "Feature", "properties": { "Id": 0, "LnType": 1, "LeftLn_FID": 1, "RightLn_FI": 0, "Chieudai": 100.0, "Lytrinh_Ke": "K36+300 ÷ K36+400" }, "geometry": { "type": "MultiLineString", "coordinates": [ [ [ 106.004309015423132, 11.41571514955454, 0.0 ], [ 106.004372158500018, 11.415711976500029, 0.0 ], [ 106.005141007000049, 11.415676825000071, 0.0 ], [ 106.005224636588821, 11.415674715352893, 0.0 ] ] ] } },
{ "type": "Feature", "properties": { "Id": 0, "LnType": 1, "LeftLn_FID": 1, "RightLn_FI": 0, "Chieudai": 100.0, "Lytrinh_Ke": "K36+200 ÷ K36+300" }, "geometry": { "type": "MultiLineString", "coordinates": [ [ [ 106.005224636588821, 11.415674715352893, 0.0 ], [ 106.005664735000096, 11.415663613000099, 0.0 ], [ 106.006068347500104, 11.41564478500008, 0.0 ], [ 106.006140553621449, 11.415642316956633, 0.0 ] ] ] } },
{ "type": "Feature", "properties": { "Id": 0, "LnType": 1, "LeftLn_FID": 1, "RightLn_FI": 0, "Chieudai": 100.0, "Lytrinh_Ke": "K36+100 ÷ K36+200" }, "geometry": { "type": "MultiLineString", "coordinates": [ [ [ 106.006140553621449, 11.415642316956633, 0.0 ], [ 106.006674129500084, 11.415624078500038, 0.0 ], [ 106.00705652456773, 11.415610065971013, 0.0 ] ] ] } },
{ "type": "Feature", "properties": { "Id": 0, "LnType": 1, "LeftLn_FID": 1, "RightLn_FI": 0, "Chieudai": 100.0, "Lytrinh_Ke": "K36+000 ÷ K36+100" }, "geometry": { "type": "MultiLineString", "coordinates": [ [ [ 106.00705652456773, 11.415610065971013, 0.0 ], [ 106.007254708500056, 11.415602803500057, 0.0 ], [ 106.007455312500042, 11.415594246500071, 0.0 ], [ 106.00746545811117, 11.415593817628839, 0.0 ], [ 106.007473572695019, 11.415593474612368, 0.0 ], [ 106.007481685000059, 11.415593125000079, 0.0 ], [ 106.007491823103521, 11.415592696448314, 0.0 ], [ 106.00751041650004, 11.415589699000098, 0.0 ], [ 106.007518336500056, 11.415589600000093, 0.0 ], [ 106.007540528500087, 11.415587023000114, 0.0 ], [ 106.007558706500063, 11.415584552500079, 0.0 ], [ 106.007576874500074, 11.415582084000086, 0.0 ], [ 106.007586702500078, 11.415582051000094, 0.0 ], [ 106.007606620000033, 11.415579873500082, 0.0 ], [ 106.007618172000065, 11.415580188000069, 0.0 ], [ 106.007639782000084, 11.415578408000105, 0.0 ], [ 106.007647492500041, 11.415578618000069, 0.0 ], [ 106.007657135000045, 11.415578879500099, 0.0 ], [ 106.007666782000044, 11.415579142000077, 0.0 ], [ 106.007678226500047, 11.41557966650007, 0.0 ], [ 106.007683824500077, 11.415580127000066, 0.0 ], [ 106.007691293500073, 11.415580741500072, 0.0 ], [ 106.007727913500077, 11.415578469000049, 0.0 ], [ 106.007735469500034, 11.415578991000094, 0.0 ], [ 106.007762313500038, 11.415578478000096, 0.0 ], [ 106.007792807000087, 11.415578563500057, 0.0 ], [ 106.007821933000045, 11.41557595600008, 0.0 ], [ 106.007839357000023, 11.41557487100013, 0.0 ], [ 106.007880109500064, 11.415571105500071, 0.0 ], [ 106.007891809000057, 11.415569706000092, 0.0 ], [ 106.007912998500075, 11.41556914350009, 0.0 ], [ 106.007971128561437, 11.415566594964417, 0.0 ] ] ] } },
{ "type": "Feature", "properties": { "Id": 0, "LnType": 1, "LeftLn_FID": 1, "RightLn_FI": 0, "Chieudai": 100.0, "Lytrinh_Ke": "K35+900 ÷ K36+000" }, "geometry": { "type": "MultiLineString", "coordinates": [ [ [ 106.007971128561437, 11.415566594964416, 0.0 ], [ 106.008591419000112, 11.415539399500062, 0.0 ], [ 106.008820632000081, 11.415536460500077, 0.0 ], [ 106.008886905238327, 11.415532121163139, 0.0 ] ] ] } },
{ "type": "Feature", "properties": { "Id": 0, "LnType": 1, "LeftLn_FID": 1, "RightLn_FI": 0, "Chieudai": 100.0, "Lytrinh_Ke": "K35+800 ÷ K35+900" }, "geometry": { "type": "MultiLineString", "coordinates": [ [ [ 106.008886905238327, 11.415532121163139, 0.0 ], [ 106.008932496500108, 11.415529136000053, 0.0 ], [ 106.009088212000108, 11.415518633500062, 0.0 ], [ 106.009115824500071, 11.415516980500072, 0.0 ], [ 106.009125578000095, 11.415517291000043, 0.0 ], [ 106.00962080900004, 11.415494211000036, 0.0 ], [ 106.009802037474103, 11.415483101016974, 0.0 ] ] ] } },
{ "type": "Feature", "properties": { "Id": 0, "LnType": 1, "LeftLn_FID": 1, "RightLn_FI": 0, "Chieudai": 100.0, "Lytrinh_Ke": "K35+700 ÷ K35+800" }, "geometry": { "type": "MultiLineString", "coordinates": [ [ [ 106.009802037474103, 11.415483101016974, 0.0 ], [ 106.009930136500031, 11.415475248000027, 0.0 ], [ 106.010393256500066, 11.415468477500038, 0.0 ], [ 106.010718230491548, 11.415462196254918, 0.0 ] ] ] } },
{ "type": "Feature", "properties": { "Id": 0, "LnType": 1, "LeftLn_FID": 1, "RightLn_FI": 0, "Chieudai": 100.0, "Lytrinh_Ke": "K35+600 ÷ K35+700" }, "geometry": { "type": "MultiLineString", "coordinates": [ [ [ 106.010718230491548, 11.415462196254918, 0.0 ], [ 106.010919983500088, 11.415458296500027, 0.0 ], [ 106.011492979000082, 11.41543308900005, 0.0 ], [ 106.01163401177682, 11.415426385777641, 0.0 ] ] ] } },
{ "type": "Feature", "properties": { "Id": 0, "LnType": 1, "LeftLn_FID": 1, "RightLn_FI": 0, "Chieudai": 100.0, "Lytrinh_Ke": "K35+500 ÷ K35+600" }, "geometry": { "type": "MultiLineString", "coordinates": [ [ [ 106.01163401177682, 11.415426385777641, 0.0 ], [ 106.012130476500019, 11.415402788500069, 0.0 ], [ 106.01254983070119, 11.4153914367217, 0.0 ] ] ] } },
{ "type": "Feature", "properties": { "Id": 0, "LnType": 1, "LeftLn_FID": 1, "RightLn_FI": 0, "Chieudai": 100.0, "Lytrinh_Ke": "K35+400 ÷ K35+500" }, "geometry": { "type": "MultiLineString", "coordinates": [ [ [ 106.01254983070119, 11.4153914367217, 0.0 ], [ 106.01261382, 11.415389704500049, 0.0 ], [ 106.012924331880612, 11.415376604168509, 0.0 ], [ 106.012930716500023, 11.415376103000041, 0.0 ], [ 106.013035129000045, 11.415375904500067, 0.0 ], [ 106.013167533500038, 11.41536086400003, 0.0 ], [ 106.013329260500043, 11.415360062000058, 0.0 ], [ 106.013465104415559, 11.415355654951977, 0.0 ] ] ] } },
{ "type": "Feature", "properties": { "Id": 0, "LnType": 1, "LeftLn_FID": 1, "RightLn_FI": 0, "Chieudai": 100.0, "Lytrinh_Ke": "K35+300 ÷ K35+400" }, "geometry": { "type": "MultiLineString", "coordinates": [ [ [ 106.013465104415559, 11.415355654951977, 0.0 ], [ 106.013613334500064, 11.415350846000097, 0.0 ], [ 106.014381019077504, 11.415321987537617, 0.0 ] ] ] } },
{ "type": "Feature", "properties": { "Id": 0, "LnType": 1, "LeftLn_FID": 1, "RightLn_FI": 0, "Chieudai": 100.0, "Lytrinh_Ke": "K35+200 ÷ K35+300" }, "geometry": { "type": "MultiLineString", "coordinates": [ [ [ 106.014381019077504, 11.415321987537617, 0.0 ], [ 106.015017133000086, 11.415298073500068, 0.0 ], [ 106.015296483309427, 11.415279618678825, 0.0 ] ] ] } },
{ "type": "Feature", "properties": { "Id": 0, "LnType": 1, "LeftLn_FID": 1, "RightLn_FI": 0, "Chieudai": 100.0, "Lytrinh_Ke": "K35+100 ÷ K35+200" }, "geometry": { "type": "MultiLineString", "coordinates": [ [ [ 106.015296483309427, 11.415279618678825, 0.0 ], [ 106.015492227500062, 11.415266687000043, 0.0 ], [ 106.015870505000066, 11.415252301, 0.0 ], [ 106.01621182202328, 11.41523419476308, 0.0 ] ] ] } },
{ "type": "Feature", "properties": { "Id": 0, "LnType": 1, "LeftLn_FID": 1, "RightLn_FI": 0, "Chieudai": 100.0, "Lytrinh_Ke": "K35+000 ÷ K35+100" }, "geometry": { "type": "MultiLineString", "coordinates": [ [ [ 106.01621182202328, 11.41523419476308, 0.0 ], [ 106.01641749500007, 11.415223284000014, 0.0 ], [ 106.016941039000073, 11.415210519500075, 0.0 ], [ 106.017127757872544, 11.415202941874877, 0.0 ] ] ] } },
{ "type": "Feature", "properties": { "Id": 0, "LnType": 1, "LeftLn_FID": 1, "RightLn_FI": 0, "Chieudai": 100.0, "Lytrinh_Ke": "K34+900 ÷ K35+000" }, "geometry": { "type": "MultiLineString", "coordinates": [ [ [ 106.017127757872544, 11.415202941874877, 0.0 ], [ 106.017242616500056, 11.41519828050005, 0.0 ], [ 106.017577168000074, 11.415211313500054, 0.0 ], [ 106.017813948500077, 11.415200408500041, 0.0 ], [ 106.017953955000081, 11.415184013000051, 0.0 ], [ 106.018042645743591, 11.415180689360408, 0.0 ] ] ] } },
{ "type": "Feature", "properties": { "Id": 0, "LnType": 1, "LeftLn_FID": 1, "RightLn_FI": 0, "Chieudai": 100.0, "Lytrinh_Ke": "K34+800 ÷ K34+900" }, "geometry": { "type": "MultiLineString", "coordinates": [ [ [ 106.018042645743591, 11.415180689360408, 0.0 ], [ 106.018958535234461, 11.415146365308832, 0.0 ] ] ] } },
{ "type": "Feature", "properties": { "Id": 0, "LnType": 1, "LeftLn_FID": 1, "RightLn_FI": 0, "Chieudai": 100.0, "Lytrinh_Ke": "K34+700 ÷ K34+800" }, "geometry": { "type": "MultiLineString", "coordinates": [ [ [ 106.018958535234461, 11.415146365308832, 0.0 ], [ 106.019801971500073, 11.415114754000086, 0.0 ], [ 106.01987444391834, 11.415116898908057, 0.0 ] ] ] } },
{ "type": "Feature", "properties": { "Id": 0, "LnType": 1, "LeftLn_FID": 1, "RightLn_FI": 0, "Chieudai": 100.0, "Lytrinh_Ke": "K34+600 ÷ K34+700" }, "geometry": { "type": "MultiLineString", "coordinates": [ [ [ 106.01987444391834, 11.415116898908057, 0.0 ], [ 106.019943274000084, 11.415118936000065, 0.0 ], [ 106.02023892650007, 11.415102856000081, 0.0 ], [ 106.02050180650005, 11.415099954500061, 0.0 ], [ 106.020790349334263, 11.41509084818939, 0.0 ] ] ] } },
{ "type": "Feature", "properties": { "Id": 0, "LnType": 1, "LeftLn_FID": 1, "RightLn_FI": 0, "Chieudai": 100.0, "Lytrinh_Ke": "K34+500 ÷ K34+600" }, "geometry": { "type": "MultiLineString", "coordinates": [ [ [ 106.020790349334263, 11.41509084818939, 0.0 ], [ 106.020852839000071, 11.415088876000084, 0.0 ], [ 106.021010820000043, 11.415073462000075, 0.0 ], [ 106.02119807900003, 11.415070333500044, 0.0 ], [ 106.021588998000055, 11.415057036500064, 0.0 ], [ 106.02170574667133, 11.415052516407959, 0.0 ] ] ] } },
{ "type": "Feature", "properties": { "Id": 0, "LnType": 1, "LeftLn_FID": 1, "RightLn_FI": 0, "Chieudai": 100.0, "Lytrinh_Ke": "K34+400 ÷ K34+500" }, "geometry": { "type": "MultiLineString", "coordinates": [ [ [ 106.02170574667133, 11.415052516407959, 0.0 ], [ 106.022621590283762, 11.415017056598748, 0.0 ] ] ] } },
{ "type": "Feature", "properties": { "Id": 0, "LnType": 1, "LeftLn_FID": 1, "RightLn_FI": 0, "Chieudai": 100.0, "Lytrinh_Ke": "K34+300 ÷ K34+400" }, "geometry": { "type": "MultiLineString", "coordinates": [ [ [ 106.022621590283762, 11.415017056598748, 0.0 ], [ 106.023537433416365, 11.414981593949724, 0.0 ] ] ] } },
{ "type": "Feature", "properties": { "Id": 0, "LnType": 1, "LeftLn_FID": 1, "RightLn_FI": 0, "Chieudai": 100.0, "Lytrinh_Ke": "K34+200 ÷ K34+300" }, "geometry": { "type": "MultiLineString", "coordinates": [ [ [ 106.023537433416365, 11.414981593949724, 0.0 ], [ 106.023556064500042, 11.414980872500028, 0.0 ], [ 106.023749326500081, 11.414980770000071, 0.0 ], [ 106.02403154950008, 11.414966649, 0.0 ], [ 106.024215900500053, 11.414951094000036, 0.0 ], [ 106.024353438000077, 11.414953363499997, 0.0 ], [ 106.024452360549063, 11.414943044441772, 0.0 ] ] ] } },
{ "type": "Feature", "properties": { "Id": 0, "LnType": 1, "LeftLn_FID": 1, "RightLn_FI": 0, "Chieudai": 100.0, "Lytrinh_Ke": "K34+100 ÷ K34+200" }, "geometry": { "type": "MultiLineString", "coordinates": [ [ [ 106.024452360549063, 11.414943044441772, 0.0 ], [ 106.02460555950006, 11.414927063500013, 0.0 ], [ 106.02471271950003, 11.414937445000032, 0.0 ], [ 106.024780661500074, 11.414939031500019, 0.0 ], [ 106.024931913500055, 11.414925855, 0.0 ], [ 106.025366547207696, 11.414907828980791, 0.0 ] ] ] } },
{ "type": "Feature", "properties": { "Id": 0, "LnType": 1, "LeftLn_FID": 1, "RightLn_FI": 0, "Chieudai": 100.0, "Lytrinh_Ke": "K34+000 ÷ K34+100" }, "geometry": { "type": "MultiLineString", "coordinates": [ [ [ 106.025366547207696, 11.414907828980791, 0.0 ], [ 106.025505534000047, 11.414902064500033, 0.0 ], [ 106.025580796000057, 11.414892477000025, 0.0 ], [ 106.026281767943786, 11.41486436749955, 0.0 ] ] ] } },
{ "type": "Feature", "properties": { "Id": 0, "LnType": 1, "LeftLn_FID": 1, "RightLn_FI": 0, "Chieudai": 100.0, "Lytrinh_Ke": "K33+900 ÷ K34+000" }, "geometry": { "type": "MultiLineString", "coordinates": [ [ [ 106.026281767943786, 11.41486436749955, 0.0 ], [ 106.027197558397603, 11.414827641092716, 0.0 ] ] ] } },
{ "type": "Feature", "properties": { "Id": 0, "LnType": 1, "LeftLn_FID": 1, "RightLn_FI": 0, "Chieudai": 100.0, "Lytrinh_Ke": "K33+800 ÷ K33+900" }, "geometry": { "type": "MultiLineString", "coordinates": [ [ [ 106.027197558397603, 11.414827641092716, 0.0 ], [ 106.027603475000035, 11.414811361500085, 0.0 ], [ 106.027797634000038, 11.414806860000082, 0.0 ], [ 106.028113612445907, 11.41479888136328, 0.0 ] ] ] } },
{ "type": "Feature", "properties": { "Id": 0, "LnType": 1, "LeftLn_FID": 1, "RightLn_FI": 0, "Chieudai": 100.0, "Lytrinh_Ke": "K33+700 ÷ K33+800" }, "geometry": { "type": "MultiLineString", "coordinates": [ [ [ 106.028113612445907, 11.41479888136328, 0.0 ], [ 106.028268905500042, 11.41479496000006, 0.0 ], [ 106.028470074000069, 11.414787900500059, 0.0 ], [ 106.028597664500055, 11.414774367500101, 0.0 ], [ 106.028729772000048, 11.414771803500113, 0.0 ], [ 106.029029028375362, 11.41476124762918, 0.0 ] ] ] } },
{ "type": "Feature", "properties": { "Id": 0, "LnType": 1, "LeftLn_FID": 1, "RightLn_FI": 0, "Chieudai": 100.0, "Lytrinh_Ke": "K33+600 ÷ K33+700" }, "geometry": { "type": "MultiLineString", "coordinates": [ [ [ 106.029029028375362, 11.41476124762918, 0.0 ], [ 106.029053214000086, 11.414760394500085, 0.0 ], [ 106.02917451400009, 11.414761644500043, 0.0 ], [ 106.029448053500076, 11.414751916500048, 0.0 ], [ 106.029719185500085, 11.414735496000059, 0.0 ], [ 106.029944515998594, 11.414723137460633, 0.0 ] ] ] } },
{ "type": "Feature", "properties": { "Id": 0, "LnType": 1, "LeftLn_FID": 1, "RightLn_FI": 0, "Chieudai": 100.0, "Lytrinh_Ke": "K33+500 ÷ K33+600" }, "geometry": { "type": "MultiLineString", "coordinates": [ [ [ 106.029944515998594, 11.414723137460633, 0.0 ], [ 106.030196251500087, 11.41470933050007, 0.0 ], [ 106.030860057742146, 11.414681137810071, 0.0 ] ] ] } },
{ "type": "Feature", "properties": { "Id": 0, "LnType": 1, "LeftLn_FID": 1, "RightLn_FI": 0, "Chieudai": 100.0, "Lytrinh_Ke": "K33+400 ÷ K33+500" }, "geometry": { "type": "MultiLineString", "coordinates": [ [ [ 106.030860057742146, 11.414681137810071, 0.0 ], [ 106.03167198950004, 11.414646652000087, 0.0 ], [ 106.031775813355836, 11.414643910436995, 0.0 ] ] ] } },
{ "type": "Feature", "properties": { "Id": 0, "LnType": 1, "LeftLn_FID": 1, "RightLn_FI": 0, "Chieudai": 100.0, "Lytrinh_Ke": "K33+300 ÷ K33+400" }, "geometry": { "type": "MultiLineString", "coordinates": [ [ [ 106.031775813355836, 11.414643910436995, 0.0 ], [ 106.032176712000066, 11.414633324000055, 0.0 ], [ 106.032691621652788, 11.414608943989867, 0.0 ] ] ] } },
{ "type": "Feature", "properties": { "Id": 0, "LnType": 1, "LeftLn_FID": 1, "RightLn_FI": 0, "Chieudai": 100.0, "Lytrinh_Ke": "K33+200 ÷ K33+300" }, "geometry": { "type": "MultiLineString", "coordinates": [ [ [ 106.032691621652788, 11.414608943989867, 0.0 ], [ 106.03273696550005, 11.414606797000085, 0.0 ], [ 106.033137368000055, 11.414596720000098, 0.0 ], [ 106.033543068500052, 11.414580404500079, 0.0 ], [ 106.03360761205046, 11.414578325315848, 0.0 ] ] ] } },
{ "type": "Feature", "properties": { "Id": 0, "LnType": 1, "LeftLn_FID": 1, "RightLn_FI": 0, "Chieudai": 100.0, "Lytrinh_Ke": "K33+100 ÷ K33+200" }, "geometry": { "type": "MultiLineString", "coordinates": [ [ [ 106.03360761205046, 11.414578325315848, 0.0 ], [ 106.034523667610756, 11.41454881428014, 0.0 ] ] ] } },
{ "type": "Feature", "properties": { "Id": 0, "LnType": 1, "LeftLn_FID": 1, "RightLn_FI": 0, "Chieudai": 100.0, "Lytrinh_Ke": "K33+000 ÷ K33+100" }, "geometry": { "type": "MultiLineString", "coordinates": [ [ [ 106.034523667610756, 11.41454881428014, 0.0 ], [ 106.035439722726196, 11.414519300400327, 0.0 ] ] ] } },
{ "type": "Feature", "properties": { "Id": 0, "LnType": 1, "LeftLn_FID": 1, "RightLn_FI": 0, "Chieudai": 100.0, "Lytrinh_Ke": "K32+900 ÷ K33+000" }, "geometry": { "type": "MultiLineString", "coordinates": [ [ [ 106.035439722726196, 11.414519300400327, 0.0 ], [ 106.036169657000102, 11.414495781000046, 0.0 ], [ 106.036355701309034, 11.41448781048123, 0.0 ] ] ] } },
{ "type": "Feature", "properties": { "Id": 0, "LnType": 1, "LeftLn_FID": 1, "RightLn_FI": 0, "Chieudai": 100.0, "Lytrinh_Ke": "K32+800 ÷ K32+900" }, "geometry": { "type": "MultiLineString", "coordinates": [ [ [ 106.036355701309034, 11.41448781048123, 0.0 ], [ 106.036516113500056, 11.414480938000059, 0.0 ], [ 106.036947210000079, 11.414459660500029, 0.0 ], [ 106.037271408952122, 11.414450101250081, 0.0 ] ] ] } },
{ "type": "Feature", "properties": { "Id": 0, "LnType": 1, "LeftLn_FID": 1, "RightLn_FI": 0, "Chieudai": 100.0, "Lytrinh_Ke": "K32+700 ÷ K32+800" }, "geometry": { "type": "MultiLineString", "coordinates": [ [ [ 106.037271408952122, 11.414450101250081, 0.0 ], [ 106.037472491500097, 11.414444172000037, 0.0 ], [ 106.037697071500077, 11.414436019500064, 0.0 ], [ 106.038186808615194, 11.414406699095618, 0.0 ] ] ] } },
{ "type": "Feature", "properties": { "Id": 0, "LnType": 1, "LeftLn_FID": 1, "RightLn_FI": 0, "Chieudai": 100.0, "Lytrinh_Ke": "K32+600 ÷ K32+700" }, "geometry": { "type": "MultiLineString", "coordinates": [ [ [ 106.038186808615194, 11.414406699095618, 0.0 ], [ 106.038812182000072, 11.414369257000082, 0.0 ], [ 106.039102145472569, 11.414363707026295, 0.0 ] ] ] } },
{ "type": "Feature", "properties": { "Id": 0, "LnType": 1, "LeftLn_FID": 1, "RightLn_FI": 0, "Chieudai": 100.0, "Lytrinh_Ke": "K32+500 ÷ K32+600" }, "geometry": { "type": "MultiLineString", "coordinates": [ [ [ 106.039102145472569, 11.414363707026295, 0.0 ], [ 106.039378984000066, 11.414358408000076, 0.0 ], [ 106.039533292500096, 11.414352394500064, 0.0 ], [ 106.039821602500112, 11.414338697000094, 0.0 ], [ 106.040017846840115, 11.414327401987885, 0.0 ] ] ] } },
{ "type": "Feature", "properties": { "Id": 0, "LnType": 1, "LeftLn_FID": 1, "RightLn_FI": 0, "Chieudai": 100.0, "Lytrinh_Ke": "K32+400 ÷ K32+500" }, "geometry": { "type": "MultiLineString", "coordinates": [ [ [ 106.040017846840115, 11.414327401987885, 0.0 ], [ 106.040076328500078, 11.41432403600008, 0.0 ], [ 106.040528089500071, 11.414313481000043, 0.0 ], [ 106.040933786071747, 11.414296247696265, 0.0 ] ] ] } },
{ "type": "Feature", "properties": { "Id": 0, "LnType": 1, "LeftLn_FID": 1, "RightLn_FI": 0, "Chieudai": 100.0, "Lytrinh_Ke": "K32+300 ÷ K32+400" }, "geometry": { "type": "MultiLineString", "coordinates": [ [ [ 106.040933786071747, 11.414296247696265, 0.0 ], [ 106.041849478430066, 11.414257348572468, 0.0 ] ] ] } },
{ "type": "Feature", "properties": { "Id": 0, "LnType": 1, "LeftLn_FID": 1, "RightLn_FI": 0, "Chieudai": 100.0, "Lytrinh_Ke": "K32+200 ÷ K32+300" }, "geometry": { "type": "MultiLineString", "coordinates": [ [ [ 106.041849478430066, 11.414257348572468, 0.0 ], [ 106.041957301500062, 11.414252768000043, 0.0 ], [ 106.042147751000059, 11.414245484500071, 0.0 ], [ 106.042317894500059, 11.414228129500092, 0.0 ], [ 106.04231989750005, 11.414228114500059, 0.0 ], [ 106.042329913500083, 11.414228038500084, 0.0 ], [ 106.042423371500078, 11.414231212000049, 0.0 ], [ 106.042617456500068, 11.414230252500042, 0.0 ], [ 106.042720544000048, 11.414224694500087, 0.0 ], [ 106.042764492865203, 11.414220943606589, 0.0 ] ] ] } },
{ "type": "Feature", "properties": { "Id": 0, "LnType": 1, "LeftLn_FID": 1, "RightLn_FI": 0, "Chieudai": 100.0, "Lytrinh_Ke": "K32+100 ÷ K32+200" }, "geometry": { "type": "MultiLineString", "coordinates": [ [ [ 106.042764492865203, 11.414220943606589, 0.0 ], [ 106.042813271500052, 11.414216780500102, 0.0 ], [ 106.04289289150006, 11.414216410500064, 0.0 ], [ 106.04312076000005, 11.414197176500075, 0.0 ], [ 106.043679548365546, 11.414174584742154, 0.0 ] ] ] } },
{ "type": "Feature", "properties": { "Id": 0, "LnType": 1, "LeftLn_FID": 1, "RightLn_FI": 0, "Chieudai": 100.0, "Lytrinh_Ke": "K32+000 ÷ K32+100" }, "geometry": { "type": "MultiLineString", "coordinates": [ [ [ 106.043679548365546, 11.414174584742156, 0.0 ], [ 106.044595319309252, 11.414137557913294, 0.0 ] ] ] } },
{ "type": "Feature", "properties": { "Id": 0, "LnType": 1, "LeftLn_FID": 1, "RightLn_FI": 0, "Chieudai": 100.0, "Lytrinh_Ke": "K31+900 ÷ K32+000" }, "geometry": { "type": "MultiLineString", "coordinates": [ [ [ 106.044595319309252, 11.414137557913294, 0.0 ], [ 106.04472766800005, 11.414132206500028, 0.0 ], [ 106.045241347500053, 11.414116830000051, 0.0 ], [ 106.045511413875516, 11.414109679206859, 0.0 ] ] ] } },
{ "type": "Feature", "properties": { "Id": 0, "LnType": 1, "LeftLn_FID": 1, "RightLn_FI": 0, "Chieudai": 100.0, "Lytrinh_Ke": "K31+800 ÷ K31+900" }, "geometry": { "type": "MultiLineString", "coordinates": [ [ [ 106.045511413875516, 11.414109679206859, 0.0 ], [ 106.04605176850005, 11.414095371000052, 0.0 ], [ 106.04619661050009, 11.414092207500047, 0.0 ], [ 106.046376270000081, 11.414081323500028, 0.0 ], [ 106.046378267000065, 11.414081265500023, 0.0 ], [ 106.046427223376924, 11.414077355922759, 0.0 ] ] ] } },
{ "type": "Feature", "properties": { "Id": 0, "LnType": 1, "LeftLn_FID": 1, "RightLn_FI": 0, "Chieudai": 100.0, "Lytrinh_Ke": "K31+700 ÷ K31+800" }, "geometry": { "type": "MultiLineString", "coordinates": [ [ [ 106.046427223376924, 11.414077355922759, 0.0 ], [ 106.046686692500089, 11.414056635000026, 0.0 ], [ 106.047342317885025, 11.414029062870146, 0.0 ] ] ] } },
{ "type": "Feature", "properties": { "Id": 0, "LnType": 1, "LeftLn_FID": 1, "RightLn_FI": 0, "Chieudai": 100.0, "Lytrinh_Ke": "K31+600 ÷ K31+700" }, "geometry": { "type": "MultiLineString", "coordinates": [ [ [ 106.047342317885025, 11.414029062870146, 0.0 ], [ 106.048258024380402, 11.413990550654802, 0.0 ] ] ] } },
{ "type": "Feature", "properties": { "Id": 0, "LnType": 1, "LeftLn_FID": 1, "RightLn_FI": 0, "Chieudai": 100.0, "Lytrinh_Ke": "K31+500 ÷ K31+600" }, "geometry": { "type": "MultiLineString", "coordinates": [ [ [ 106.048258024380402, 11.413990550654802, 0.0 ], [ 106.048258087500074, 11.413990548000056, 0.0 ], [ 106.04836146300002, 11.413986895500077, 0.0 ], [ 106.048363474500064, 11.413986821000064, 0.0 ], [ 106.048551219000075, 11.413993293500065, 0.0 ], [ 106.048796368500064, 11.413974944500055, 0.0 ], [ 106.049173619076939, 11.41396851519392, 0.0 ] ] ] } },
{ "type": "Feature", "properties": { "Id": 0, "LnType": 1, "LeftLn_FID": 1, "RightLn_FI": 0, "Chieudai": 100.0, "Lytrinh_Ke": "K31+400 ÷ K31+500" }, "geometry": { "type": "MultiLineString", "coordinates": [ [ [ 106.049173619076939, 11.41396851519392, 0.0 ], [ 106.049220540500045, 11.413967715500039, 0.0 ], [ 106.049403309500065, 11.413955591500056, 0.0 ], [ 106.050089419143248, 11.413934989376214, 0.0 ] ] ] } },
{ "type": "Feature", "properties": { "Id": 0, "LnType": 1, "LeftLn_FID": 1, "RightLn_FI": 0, "Chieudai": 100.0, "Lytrinh_Ke": "K31+300 ÷ K31+400" }, "geometry": { "type": "MultiLineString", "coordinates": [ [ [ 106.050089419143248, 11.413934989376214, 0.0 ], [ 106.050783525500094, 11.41391414550006, 0.0 ], [ 106.050970856000077, 11.41391573350006, 0.0 ], [ 106.051005626162265, 11.413915393134548, 0.0 ] ] ] } },
{ "type": "Feature", "properties": { "Id": 0, "LnType": 1, "LeftLn_FID": 1, "RightLn_FI": 0, "Chieudai": 100.0, "Lytrinh_Ke": "K31+200 ÷ K31+300" }, "geometry": { "type": "MultiLineString", "coordinates": [ [ [ 106.051005626162265, 11.413915393134548, 0.0 ], [ 106.051342884000093, 11.413912091500066, 0.0 ], [ 106.051452797000039, 11.413886001500046, 0.0 ], [ 106.051671674500085, 11.413882411000071, 0.0 ], [ 106.051913877000089, 11.413873147000047, 0.0 ], [ 106.051918796656182, 11.413873056320908, 0.0 ] ] ] } },
{ "type": "Feature", "properties": { "Id": 0, "LnType": 1, "LeftLn_FID": 1, "RightLn_FI": 0, "Chieudai": 100.0, "Lytrinh_Ke": "K31+100 ÷ K31+200" }, "geometry": { "type": "MultiLineString", "coordinates": [ [ [ 106.051918796656182, 11.413873056320908, 0.0 ], [ 106.05192179800008, 11.413873001000074, 0.0 ], [ 106.052066741500084, 11.413848253000063, 0.0 ], [ 106.052143467500088, 11.413852129500077, 0.0 ], [ 106.052832582161486, 11.413826353322275, 0.0 ] ] ] } },
{ "type": "Feature", "properties": { "Id": 0, "LnType": 1, "LeftLn_FID": 1, "RightLn_FI": 0, "Chieudai": 100.0, "Lytrinh_Ke": "K31+000 ÷ K31+100" }, "geometry": { "type": "MultiLineString", "coordinates": [ [ [ 106.052832582161486, 11.413826353322275, 0.0 ], [ 106.053606464500064, 11.413797404500077, 0.0 ], [ 106.053748499397997, 11.413793242003447, 0.0 ] ] ] } },
{ "type": "Feature", "properties": { "Id": 0, "LnType": 1, "LeftLn_FID": 1, "RightLn_FI": 0, "Chieudai": 100.0, "Lytrinh_Ke": "K30+900 ÷ K31+000" }, "geometry": { "type": "MultiLineString", "coordinates": [ [ [ 106.053748499397997, 11.413793242003447, 0.0 ], [ 106.054217787000056, 11.413779488500071, 0.0 ], [ 106.054664622404076, 11.413766114013772, 0.0 ] ] ] } },
{ "type": "Feature", "properties": { "Id": 0, "LnType": 1, "LeftLn_FID": 1, "RightLn_FI": 0, "Chieudai": 100.0, "Lytrinh_Ke": "K30+800 ÷ K30+900" }, "geometry": { "type": "MultiLineString", "coordinates": [ [ [ 106.054664622404076, 11.413766114013772, 0.0 ], [ 106.055317454500056, 11.413746572500092, 0.0 ], [ 106.055580624860355, 11.413735658814501, 0.0 ] ] ] } },
{ "type": "Feature", "properties": { "Id": 0, "LnType": 1, "LeftLn_FID": 1, "RightLn_FI": 0, "Chieudai": 100.0, "Lytrinh_Ke": "K30+700 ÷ K30+800" }, "geometry": { "type": "MultiLineString", "coordinates": [ [ [ 106.055580624860355, 11.413735658814501, 0.0 ], [ 106.056496351037566, 11.41369768177305, 0.0 ] ] ] } },
{ "type": "Feature", "properties": { "Id": 0, "LnType": 1, "LeftLn_FID": 1, "RightLn_FI": 0, "Chieudai": 100.0, "Lytrinh_Ke": "K30+600 ÷ K30+700" }, "geometry": { "type": "MultiLineString", "coordinates": [ [ [ 106.056496351037566, 11.41369768177305, 0.0 ], [ 106.056849444500088, 11.413683037500078, 0.0 ], [ 106.057412156278147, 11.413661650578085, 0.0 ] ] ] } },
{ "type": "Feature", "properties": { "Id": 0, "LnType": 1, "LeftLn_FID": 1, "RightLn_FI": 0, "Chieudai": 100.0, "Lytrinh_Ke": "K30+500 ÷ K30+600" }, "geometry": { "type": "MultiLineString", "coordinates": [ [ [ 106.057412156278147, 11.413661650578085, 0.0 ], [ 106.058319421000078, 11.413627166000023, 0.0 ], [ 106.058328010396096, 11.413626825228965, 0.0 ] ] ] } },
{ "type": "Feature", "properties": { "Id": 0, "LnType": 1, "LeftLn_FID": 1, "RightLn_FI": 0, "Chieudai": 100.0, "Lytrinh_Ke": "K30+400 ÷ K30+500" }, "geometry": { "type": "MultiLineString", "coordinates": [ [ [ 106.058328010396096, 11.413626825228965, 0.0 ], [ 106.059243803927046, 11.413590491088932, 0.0 ] ] ] } },
{ "type": "Feature", "properties": { "Id": 0, "LnType": 1, "LeftLn_FID": 1, "RightLn_FI": 0, "Chieudai": 100.0, "Lytrinh_Ke": "K30+300 ÷ K30+400" }, "geometry": { "type": "MultiLineString", "coordinates": [ [ [ 106.059243803927046, 11.413590491088932, 0.0 ], [ 106.060159596963615, 11.413554154110869, 0.0 ] ] ] } },
{ "type": "Feature", "properties": { "Id": 0, "LnType": 1, "LeftLn_FID": 1, "RightLn_FI": 0, "Chieudai": 100.0, "Lytrinh_Ke": "K30+200 ÷ K30+300" }, "geometry": { "type": "MultiLineString", "coordinates": [ [ [ 106.060159596963615, 11.413554154110869, 0.0 ], [ 106.060502137500052, 11.413540562000042, 0.0 ], [ 106.061075506296859, 11.413520886672817, 0.0 ] ] ] } },
{ "type": "Feature", "properties": { "Id": 0, "LnType": 1, "LeftLn_FID": 1, "RightLn_FI": 0, "Chieudai": 100.0, "Lytrinh_Ke": "K30+100 ÷ K30+200" }, "geometry": { "type": "MultiLineString", "coordinates": [ [ [ 106.061075506296859, 11.413520886672817, 0.0 ], [ 106.061991484947981, 11.413489452259341, 0.0 ] ] ] } },
{ "type": "Feature", "properties": { "Id": 0, "LnType": 1, "LeftLn_FID": 1, "RightLn_FI": 0, "Chieudai": 100.0, "Lytrinh_Ke": "K30+000 ÷ K30+100" }, "geometry": { "type": "MultiLineString", "coordinates": [ [ [ 106.061991484947981, 11.413489452259341, 0.0 ], [ 106.062158758000066, 11.413483711500053, 0.0 ], [ 106.06290740485916, 11.413456412434851, 0.0 ] ] ] } },
{ "type": "Feature", "properties": { "Id": 0, "LnType": 1, "LeftLn_FID": 1, "RightLn_FI": 0, "Chieudai": 100.0, "Lytrinh_Ke": "K29+900 ÷ K30+000" }, "geometry": { "type": "MultiLineString", "coordinates": [ [ [ 106.06290740485916, 11.413456412434851, 0.0 ], [ 106.063823311275073, 11.413423011729678, 0.0 ] ] ] } },
{ "type": "Feature", "properties": { "Id": 0, "LnType": 1, "LeftLn_FID": 1, "RightLn_FI": 0, "Chieudai": 100.0, "Lytrinh_Ke": "K29+800 ÷ K29+900" }, "geometry": { "type": "MultiLineString", "coordinates": [ [ [ 106.063823311275073, 11.413423011729678, 0.0 ], [ 106.064104114500097, 11.413412771000061, 0.0 ], [ 106.064739141426884, 11.413387667109607, 0.0 ] ] ] } },
{ "type": "Feature", "properties": { "Id": 0, "LnType": 1, "LeftLn_FID": 1, "RightLn_FI": 0, "Chieudai": 100.0, "Lytrinh_Ke": "K29+700 ÷ K29+800" }, "geometry": { "type": "MultiLineString", "coordinates": [ [ [ 106.064739141426884, 11.413387667109607, 0.0 ], [ 106.065654937578117, 11.413351461428034, 0.0 ] ] ] } },
{ "type": "Feature", "properties": { "Id": 0, "LnType": 1, "LeftLn_FID": 1, "RightLn_FI": 0, "Chieudai": 100.0, "Lytrinh_Ke": "K29+600 ÷ K29+700" }, "geometry": { "type": "MultiLineString", "coordinates": [ [ [ 106.065654937578117, 11.413351461428034, 0.0 ], [ 106.065973146000061, 11.41333888050006, 0.0 ], [ 106.066570590456863, 11.41331196709638, 0.0 ] ] ] } },
{ "type": "Feature", "properties": { "Id": 0, "LnType": 1, "LeftLn_FID": 1, "RightLn_FI": 0, "Chieudai": 100.0, "Lytrinh_Ke": "K29+500 ÷ K29+600" }, "geometry": { "type": "MultiLineString", "coordinates": [ [ [ 106.066570590456863, 11.41331196709638, 0.0 ], [ 106.067054339500089, 11.413290174500087, 0.0 ], [ 106.067486243578969, 11.413272457016738, 0.0 ] ] ] } },
{ "type": "Feature", "properties": { "Id": 0, "LnType": 1, "LeftLn_FID": 1, "RightLn_FI": 0, "Chieudai": 100.0, "Lytrinh_Ke": "K29+400 ÷ K29+500" }, "geometry": { "type": "MultiLineString", "coordinates": [ [ [ 106.067486243578969, 11.413272457016738, 0.0 ], [ 106.068401982216486, 11.413234889665642, 0.0 ] ] ] } },
{ "type": "Feature", "properties": { "Id": 0, "LnType": 1, "LeftLn_FID": 1, "RightLn_FI": 0, "Chieudai": 100.0, "Lytrinh_Ke": "K29+300 ÷ K29+400" }, "geometry": { "type": "MultiLineString", "coordinates": [ [ [ 106.068401982216486, 11.413234889665642, 0.0 ], [ 106.068405642500068, 11.41323473950008, 0.0 ], [ 106.069271278000059, 11.413191608000055, 0.0 ], [ 106.069317387130837, 11.41319032857181, 0.0 ] ] ] } },
{ "type": "Feature", "properties": { "Id": 0, "LnType": 1, "LeftLn_FID": 1, "RightLn_FI": 0, "Chieudai": 100.0, "Lytrinh_Ke": "K29+200 ÷ K29+300" }, "geometry": { "type": "MultiLineString", "coordinates": [ [ [ 106.069317387130837, 11.41319032857181, 0.0 ], [ 106.070233554020504, 11.413164905429229, 0.0 ] ] ] } },
{ "type": "Feature", "properties": { "Id": 0, "LnType": 1, "LeftLn_FID": 1, "RightLn_FI": 0, "Chieudai": 100.0, "Lytrinh_Ke": "K29+100 ÷ K29+200" }, "geometry": { "type": "MultiLineString", "coordinates": [ [ [ 106.070233554020504, 11.413164905429229, 0.0 ], [ 106.070829922000058, 11.413148355000061, 0.0 ], [ 106.071149568413333, 11.413135186085841, 0.0 ] ] ] } },
{ "type": "Feature", "properties": { "Id": 0, "LnType": 1, "LeftLn_FID": 1, "RightLn_FI": 0, "Chieudai": 100.0, "Lytrinh_Ke": "K29+000 ÷ K29+100" }, "geometry": { "type": "MultiLineString", "coordinates": [ [ [ 106.071149568413333, 11.413135186085841, 0.0 ], [ 106.072065298743098, 11.413097457552867, 0.0 ] ] ] } },
{ "type": "Feature", "properties": { "Id": 0, "LnType": 1, "LeftLn_FID": 1, "RightLn_FI": 0, "Chieudai": 100.0, "Lytrinh_Ke": "K28+900 ÷ K29+000" }, "geometry": { "type": "MultiLineString", "coordinates": [ [ [ 106.072065298743098, 11.413097457552867, 0.0 ], [ 106.072134143500094, 11.413094621000061, 0.0 ], [ 106.072981294292489, 11.413066701069576, 0.0 ] ] ] } },
{ "type": "Feature", "properties": { "Id": 0, "LnType": 1, "LeftLn_FID": 1, "RightLn_FI": 0, "Chieudai": 100.0, "Lytrinh_Ke": "K28+800 ÷ K28+900" }, "geometry": { "type": "MultiLineString", "coordinates": [ [ [ 106.072981294292489, 11.413066701069576, 0.0 ], [ 106.072989807000056, 11.413066420500032, 0.0 ], [ 106.073896998613591, 11.413028388592462, 0.0 ] ] ] } },
{ "type": "Feature", "properties": { "Id": 0, "LnType": 1, "LeftLn_FID": 1, "RightLn_FI": 0, "Chieudai": 100.0, "Lytrinh_Ke": "K28+700 ÷ K28+800" }, "geometry": { "type": "MultiLineString", "coordinates": [ [ [ 106.073896998613591, 11.413028388592462, 0.0 ], [ 106.074812699493762, 11.412989997109563, 0.0 ] ] ] } },
{ "type": "Feature", "properties": { "Id": 0, "LnType": 1, "LeftLn_FID": 1, "RightLn_FI": 0, "Chieudai": 100.0, "Lytrinh_Ke": "K28+600 ÷ K28+700" }, "geometry": { "type": "MultiLineString", "coordinates": [ [ [ 106.074812699493762, 11.412989997109563, 0.0 ], [ 106.075143424500084, 11.41297613050002, 0.0 ], [ 106.075728524060494, 11.412954678989252, 0.0 ] ] ] } },
{ "type": "Feature", "properties": { "Id": 0, "LnType": 1, "LeftLn_FID": 1, "RightLn_FI": 0, "Chieudai": 100.0, "Lytrinh_Ke": "K28+500 ÷ K28+600" }, "geometry": { "type": "MultiLineString", "coordinates": [ [ [ 106.075728524060494, 11.412954678989252, 0.0 ], [ 106.076182583500099, 11.412938031000063, 0.0 ], [ 106.076314720500108, 11.41293490000005, 0.0 ], [ 106.076508916500089, 11.412921060000055, 0.0 ], [ 106.076584511000078, 11.412916406500061, 0.0 ], [ 106.076644002869671, 11.412914169833403, 0.0 ] ] ] } },
{ "type": "Feature", "properties": { "Id": 0, "LnType": 1, "LeftLn_FID": 1, "RightLn_FI": 0, "Chieudai": 100.0, "Lytrinh_Ke": "K28+400 ÷ K28+500" }, "geometry": { "type": "MultiLineString", "coordinates": [ [ [ 106.076644002869671, 11.412914169833403, 0.0 ], [ 106.077559864242687, 11.412879735428705, 0.0 ] ] ] } },
{ "type": "Feature", "properties": { "Id": 0, "LnType": 1, "LeftLn_FID": 1, "RightLn_FI": 0, "Chieudai": 100.0, "Lytrinh_Ke": "K28+300 ÷ K28+400" }, "geometry": { "type": "MultiLineString", "coordinates": [ [ [ 106.077559864242687, 11.412879735428705, 0.0 ], [ 106.077705668250076, 11.412874253250054, 0.0 ], [ 106.078475723623669, 11.412845259248602, 0.0 ] ] ] } },
{ "type": "Feature", "properties": { "Id": 0, "LnType": 1, "LeftLn_FID": 1, "RightLn_FI": 0, "Chieudai": 100.0, "Lytrinh_Ke": "K28+200 ÷ K28+300" }, "geometry": { "type": "MultiLineString", "coordinates": [ [ [ 106.078475723623669, 11.412845259248602, 0.0 ], [ 106.07916115625008, 11.412819449750044, 0.0 ], [ 106.079391582760834, 11.412810786527842, 0.0 ] ] ] } },
{ "type": "Feature", "properties": { "Id": 0, "LnType": 1, "LeftLn_FID": 1, "RightLn_FI": 0, "Chieudai": 100.0, "Lytrinh_Ke": "K28+100 ÷ K28+200" }, "geometry": { "type": "MultiLineString", "coordinates": [ [ [ 106.079391582760834, 11.412810786527842, 0.0 ], [ 106.080282313500078, 11.412777296500041, 0.0 ], [ 106.080307457929479, 11.412776894778462, 0.0 ] ] ] } },
{ "type": "Feature", "properties": { "Id": 0, "LnType": 1, "LeftLn_FID": 1, "RightLn_FI": 0, "Chieudai": 100.0, "Lytrinh_Ke": "K28+000 ÷ K28+100" }, "geometry": { "type": "MultiLineString", "coordinates": [ [ [ 106.080307457929479, 11.412776894778462, 0.0 ], [ 106.080975248000115, 11.412766225000054, 0.0 ], [ 106.08122375016552, 11.412757851030454, 0.0 ] ] ] } },
{ "type": "Feature", "properties": { "Id": 0, "LnType": 1, "LeftLn_FID": 1, "RightLn_FI": 0, "Chieudai": 100.0, "Lytrinh_Ke": "K27+900 ÷ K28+000" }, "geometry": { "type": "MultiLineString", "coordinates": [ [ [ 106.08122375016552, 11.412757851030454, 0.0 ], [ 106.081503406000124, 11.412748427000057, 0.0 ], [ 106.08150793450011, 11.412748173000042, 0.0 ], [ 106.081530400500085, 11.412746447500036, 0.0 ], [ 106.081600975000114, 11.41273634450005, 0.0 ], [ 106.081631494500101, 11.412721230500045, 0.0 ], [ 106.081654516500095, 11.412703300000034, 0.0 ], [ 106.081672897000061, 11.412692529500067, 0.0 ], [ 106.081700377500027, 11.41266348350009, 0.0 ], [ 106.081724956500068, 11.412643500000069, 0.0 ], [ 106.081763489500077, 11.412609521000054, 0.0 ], [ 106.082002158085416, 11.412385170938322, 0.0 ] ] ] } },
{ "type": "Feature", "properties": { "Id": 0, "LnType": 1, "LeftLn_FID": 1, "RightLn_FI": 0, "Chieudai": 100.0, "Lytrinh_Ke": "K27+800 ÷ K27+900" }, "geometry": { "type": "MultiLineString", "coordinates": [ [ [ 106.082002158085416, 11.412385170938322, 0.0 ], [ 106.08246812600008, 11.41194715650005, 0.0 ], [ 106.082667313868839, 11.41176310490974, 0.0 ] ] ] } },
{ "type": "Feature", "properties": { "Id": 0, "LnType": 1, "LeftLn_FID": 1, "RightLn_FI": 0, "Chieudai": 100.0, "Lytrinh_Ke": "K27+700 ÷ K27+800" }, "geometry": { "type": "MultiLineString", "coordinates": [ [ [ 106.082667313868839, 11.41176310490974, 0.0 ], [ 106.083336255020583, 11.411144993988698, 0.0 ] ] ] } },
{ "type": "Feature", "properties": { "Id": 0, "LnType": 1, "LeftLn_FID": 1, "RightLn_FI": 0, "Chieudai": 100.0, "Lytrinh_Ke": "K27+600 ÷ K27+700" }, "geometry": { "type": "MultiLineString", "coordinates": [ [ [ 106.083336255020583, 11.411144993988698, 0.0 ], [ 106.083449030988334, 11.411040787035281, 0.0 ], [ 106.084008056806354, 11.410529914894177, 0.0 ] ] ] } },
{ "type": "Feature", "properties": { "Id": 0, "LnType": 1, "LeftLn_FID": 1, "RightLn_FI": 0, "Chieudai": 100.0, "Lytrinh_Ke": "K27+500 ÷ K27+600" }, "geometry": { "type": "MultiLineString", "coordinates": [ [ [ 106.084008056806354, 11.410529914894177, 0.0 ], [ 106.084680436334011, 11.409915449538072, 0.0 ] ] ] } },
{ "type": "Feature", "properties": { "Id": 0, "LnType": 1, "LeftLn_FID": 1, "RightLn_FI": 0, "Chieudai": 100.0, "Lytrinh_Ke": "K27+400 ÷ K27+500" }, "geometry": { "type": "MultiLineString", "coordinates": [ [ [ 106.084680436334011, 11.409915449538072, 0.0 ], [ 106.084826142988334, 11.409782292535295, 0.0 ], [ 106.085350120870302, 11.40929813136804, 0.0 ] ] ] } },
{ "type": "Feature", "properties": { "Id": 0, "LnType": 1, "LeftLn_FID": 1, "RightLn_FI": 0, "Chieudai": 100.0, "Lytrinh_Ke": "K27+300 ÷ K27+400" }, "geometry": { "type": "MultiLineString", "coordinates": [ [ [ 106.085350120870302, 11.40929813136804, 0.0 ], [ 106.085984256500097, 11.408712180000066, 0.0 ], [ 106.086019339765414, 11.408680322734538, 0.0 ] ] ] } },
{ "type": "Feature", "properties": { "Id": 0, "LnType": 1, "LeftLn_FID": 1, "RightLn_FI": 0, "Chieudai": 100.0, "Lytrinh_Ke": "K27+200 ÷ K27+300" }, "geometry": { "type": "MultiLineString", "coordinates": [ [ [ 106.086019339765414, 11.408680322734538, 0.0 ], [ 106.086693695163987, 11.408067974032228, 0.0 ] ] ] } },
{ "type": "Feature", "properties": { "Id": 0, "LnType": 1, "LeftLn_FID": 1, "RightLn_FI": 0, "Chieudai": 100.0, "Lytrinh_Ke": "K27+100 ÷ K27+200" }, "geometry": { "type": "MultiLineString", "coordinates": [ [ [ 106.086693695163987, 11.408067974032228, 0.0 ], [ 106.087095885000096, 11.407702763500064, 0.0 ], [ 106.087369012059426, 11.407456661800357, 0.0 ] ] ] } },
{ "type": "Feature", "properties": { "Id": 0, "LnType": 1, "LeftLn_FID": 1, "RightLn_FI": 0, "Chieudai": 100.0, "Lytrinh_Ke": "K27+000 ÷ K27+100" }, "geometry": { "type": "MultiLineString", "coordinates": [ [ [ 106.087369012059426, 11.407456661800357, 0.0 ], [ 106.088045751200767, 11.406846881833417, 0.0 ] ] ] } },
{ "type": "Feature", "properties": { "Id": 0, "LnType": 1, "LeftLn_FID": 1, "RightLn_FI": 0, "Chieudai": 100.0, "Lytrinh_Ke": "K26+900 ÷ K27+000" }, "geometry": { "type": "MultiLineString", "coordinates": [ [ [ 106.088045751200767, 11.406846881833417, 0.0 ], [ 106.088722487429166, 11.406237100546033, 0.0 ] ] ] } },
{ "type": "Feature", "properties": { "Id": 0, "LnType": 1, "LeftLn_FID": 1, "RightLn_FI": 0, "Chieudai": 100.0, "Lytrinh_Ke": "K26+800 ÷ K26+900" }, "geometry": { "type": "MultiLineString", "coordinates": [ [ [ 106.088722487429166, 11.406237100546033, 0.0 ], [ 106.089169031500091, 11.40583473450004, 0.0 ], [ 106.089398593056728, 11.405626641906341, 0.0 ] ] ] } },
{ "type": "Feature", "properties": { "Id": 0, "LnType": 1, "LeftLn_FID": 1, "RightLn_FI": 0, "Chieudai": 100.0, "Lytrinh_Ke": "K26+700 ÷ K26+800" }, "geometry": { "type": "MultiLineString", "coordinates": [ [ [ 106.089398593056728, 11.405626641906341, 0.0 ], [ 106.090073478122392, 11.405014870520642, 0.0 ] ] ] } },
{ "type": "Feature", "properties": { "Id": 0, "LnType": 1, "LeftLn_FID": 1, "RightLn_FI": 0, "Chieudai": 100.0, "Lytrinh_Ke": "K26+600 ÷ K26+700" }, "geometry": { "type": "MultiLineString", "coordinates": [ [ [ 106.090073478122392, 11.405014870520642, 0.0 ], [ 106.090350313500096, 11.404763923000049, 0.0 ], [ 106.090749988037629, 11.404404853555564, 0.0 ] ] ] } },
{ "type": "Feature", "properties": { "Id": 0, "LnType": 1, "LeftLn_FID": 1, "RightLn_FI": 0, "Chieudai": 100.0, "Lytrinh_Ke": "K26+500 ÷ K26+600" }, "geometry": { "type": "MultiLineString", "coordinates": [ [ [ 106.090749988037629, 11.404404853555564, 0.0 ], [ 106.091427627121391, 11.403796056351167, 0.0 ] ] ] } },
{ "type": "Feature", "properties": { "Id": 0, "LnType": 1, "LeftLn_FID": 1, "RightLn_FI": 0, "Chieudai": 100.0, "Lytrinh_Ke": "K26+400 ÷ K26+500" }, "geometry": { "type": "MultiLineString", "coordinates": [ [ [ 106.091427627121391, 11.403796056351167, 0.0 ], [ 106.091812940500091, 11.403449885500029, 0.0 ], [ 106.092104040666911, 11.403185939242441, 0.0 ] ] ] } },
{ "type": "Feature", "properties": { "Id": 0, "LnType": 1, "LeftLn_FID": 1, "RightLn_FI": 0, "Chieudai": 100.0, "Lytrinh_Ke": "K26+300 ÷ K26+400" }, "geometry": { "type": "MultiLineString", "coordinates": [ [ [ 106.092104040666911, 11.403185939242441, 0.0 ], [ 106.092778839749229, 11.402574082789888, 0.0 ] ] ] } },
{ "type": "Feature", "properties": { "Id": 0, "LnType": 1, "LeftLn_FID": 1, "RightLn_FI": 0, "Chieudai": 100.0, "Lytrinh_Ke": "K26+200 ÷ K26+300" }, "geometry": { "type": "MultiLineString", "coordinates": [ [ [ 106.092778839749229, 11.402574082789888, 0.0 ], [ 106.093453635919758, 11.401962225027514, 0.0 ] ] ] } },
{ "type": "Feature", "properties": { "Id": 0, "LnType": 1, "LeftLn_FID": 1, "RightLn_FI": 0, "Chieudai": 100.0, "Lytrinh_Ke": "K26+100 ÷ K26+200" }, "geometry": { "type": "MultiLineString", "coordinates": [ [ [ 106.093453635919758, 11.401962225027514, 0.0 ], [ 106.094128429178625, 11.401350365955576, 0.0 ] ] ] } },
{ "type": "Feature", "properties": { "Id": 0, "LnType": 1, "LeftLn_FID": 1, "RightLn_FI": 0, "Chieudai": 100.0, "Lytrinh_Ke": "K26+000 ÷ K26+100" }, "geometry": { "type": "MultiLineString", "coordinates": [ [ [ 106.094128429178625, 11.401350365955576, 0.0 ], [ 106.094626185000067, 11.400899030500057, 0.0 ], [ 106.094802563826704, 11.400737804498981, 0.0 ] ] ] } },
{ "type": "Feature", "properties": { "Id": 0, "LnType": 1, "LeftLn_FID": 1, "RightLn_FI": 0, "Chieudai": 100.0, "Lytrinh_Ke": "K25+900 ÷ K26+000" }, "geometry": { "type": "MultiLineString", "coordinates": [ [ [ 106.094802563826704, 11.400737804498981, 0.0 ], [ 106.095474851982885, 11.40012327057935, 0.0 ] ] ] } },
{ "type": "Feature", "properties": { "Id": 0, "LnType": 1, "LeftLn_FID": 1, "RightLn_FI": 0, "Chieudai": 100.0, "Lytrinh_Ke": "K25+800 ÷ K25+900" }, "geometry": { "type": "MultiLineString", "coordinates": [ [ [ 106.095474851982885, 11.40012327057935, 0.0 ], [ 106.096116082000066, 11.399537123000039, 0.0 ], [ 106.096147421239309, 11.399509040830603, 0.0 ] ] ] } },
{ "type": "Feature", "properties": { "Id": 0, "LnType": 1, "LeftLn_FID": 1, "RightLn_FI": 0, "Chieudai": 100.0, "Lytrinh_Ke": "K25+700 ÷ K25+800" }, "geometry": { "type": "MultiLineString", "coordinates": [ [ [ 106.096147421239309, 11.399509040830603, 0.0 ], [ 106.096825851849232, 11.398901117081177, 0.0 ] ] ] } },
{ "type": "Feature", "properties": { "Id": 0, "LnType": 1, "LeftLn_FID": 1, "RightLn_FI": 0, "Chieudai": 100.0, "Lytrinh_Ke": "K25+600 ÷ K25+700" }, "geometry": { "type": "MultiLineString", "coordinates": [ [ [ 106.096825851849232, 11.398901117081177, 0.0 ], [ 106.096902168500094, 11.398832731500045, 0.0 ], [ 106.097247476000092, 11.398509169000066, 0.0 ], [ 106.097341509500112, 11.398446987000055, 0.0 ], [ 106.097386386500091, 11.398425864500059, 0.0 ], [ 106.097441832000129, 11.398414817000029, 0.0 ], [ 106.097555956029822, 11.39838653258051, 0.0 ] ] ] } },
{ "type": "Feature", "properties": { "Id": 0, "LnType": 1, "LeftLn_FID": 1, "RightLn_FI": 0, "Chieudai": 100.0, "Lytrinh_Ke": "K25+500 ÷ K25+600" }, "geometry": { "type": "MultiLineString", "coordinates": [ [ [ 106.097555956029822, 11.39838653258051, 0.0 ], [ 106.097799662000099, 11.398326132500035, 0.0 ], [ 106.098037591500102, 11.39826395100004, 0.0 ], [ 106.098447738864706, 11.398179130444195, 0.0 ] ] ] } },
{ "type": "Feature", "properties": { "Id": 0, "LnType": 1, "LeftLn_FID": 1, "RightLn_FI": 0, "Chieudai": 100.0, "Lytrinh_Ke": "K25+400 ÷ K25+500" }, "geometry": { "type": "MultiLineString", "coordinates": [ [ [ 106.098447738864706, 11.398179130444195, 0.0 ], [ 106.098608229500073, 11.398145940000049, 0.0 ], [ 106.099113686000052, 11.398020571500053, 0.0 ], [ 106.099339690276906, 11.397971971490245, 0.0 ] ] ] } },
{ "type": "Feature", "properties": { "Id": 0, "LnType": 1, "LeftLn_FID": 1, "RightLn_FI": 0, "Chieudai": 100.0, "Lytrinh_Ke": "K25+300 ÷ K25+400" }, "geometry": { "type": "MultiLineString", "coordinates": [ [ [ 106.099339690276906, 11.397971971490245, 0.0 ], [ 106.099881297000081, 11.397855503500049, 0.0 ], [ 106.100233604679858, 11.397772770994107, 0.0 ] ] ] } },
{ "type": "Feature", "properties": { "Id": 0, "LnType": 1, "LeftLn_FID": 1, "RightLn_FI": 0, "Chieudai": 100.0, "Lytrinh_Ke": "K25+200 ÷ K25+300" }, "geometry": { "type": "MultiLineString", "coordinates": [ [ [ 106.100233604679858, 11.397772770994107, 0.0 ], [ 106.100653186000073, 11.397674240000043, 0.0 ], [ 106.101126079434891, 11.397567247582902, 0.0 ] ] ] } },
{ "type": "Feature", "properties": { "Id": 0, "LnType": 1, "LeftLn_FID": 1, "RightLn_FI": 0, "Chieudai": 100.0, "Lytrinh_Ke": "K25+100 ÷ K25+200" }, "geometry": { "type": "MultiLineString", "coordinates": [ [ [ 106.101126079434891, 11.397567247582902, 0.0 ], [ 106.101241579500083, 11.397541115500038, 0.0 ], [ 106.101966661500072, 11.397373506000065, 0.0 ], [ 106.102018543619508, 11.397361655015532, 0.0 ] ] ] } },
{ "type": "Feature", "properties": { "Id": 0, "LnType": 1, "LeftLn_FID": 1, "RightLn_FI": 0, "Chieudai": 100.0, "Lytrinh_Ke": "K25+000 ÷ K25+100" }, "geometry": { "type": "MultiLineString", "coordinates": [ [ [ 106.102018543619508, 11.397361655015532, 0.0 ], [ 106.102911395699834, 11.397157706966636, 0.0 ] ] ] } },
{ "type": "Feature", "properties": { "Id": 0, "LnType": 1, "LeftLn_FID": 1, "RightLn_FI": 0, "Chieudai": 100.0, "Lytrinh_Ke": "K24+900 ÷ K25+000" }, "geometry": { "type": "MultiLineString", "coordinates": [ [ [ 106.102911395699834, 11.397157706966636, 0.0 ], [ 106.103804246261461, 11.39695375631967, 0.0 ] ] ] } },
{ "type": "Feature", "properties": { "Id": 0, "LnType": 1, "LeftLn_FID": 1, "RightLn_FI": 0, "Chieudai": 100.0, "Lytrinh_Ke": "K24+800 ÷ K24+900" }, "geometry": { "type": "MultiLineString", "coordinates": [ [ [ 106.103804246261461, 11.39695375631967, 0.0 ], [ 106.103873004500059, 11.396938050000056, 0.0 ], [ 106.10469764596489, 11.396752165273559, 0.0 ] ] ] } },
{ "type": "Feature", "properties": { "Id": 0, "LnType": 1, "LeftLn_FID": 1, "RightLn_FI": 0, "Chieudai": 100.0, "Lytrinh_Ke": "K24+700 ÷ K24+800" }, "geometry": { "type": "MultiLineString", "coordinates": [ [ [ 106.10469764596489, 11.396752165273559, 0.0 ], [ 106.104991740500054, 11.396685872000019, 0.0 ], [ 106.105590379783806, 11.396547737088158, 0.0 ] ] ] } },
{ "type": "Feature", "properties": { "Id": 0, "LnType": 1, "LeftLn_FID": 1, "RightLn_FI": 0, "Chieudai": 100.0, "Lytrinh_Ke": "K24+600 ÷ K24+700" }, "geometry": { "type": "MultiLineString", "coordinates": [ [ [ 106.105590379783806, 11.396547737088158, 0.0 ], [ 106.105965604500057, 11.396461154000034, 0.0 ], [ 106.106341721000092, 11.396379799500053, 0.0 ], [ 106.106478045638681, 11.396328052587164, 0.0 ] ] ] } },
{ "type": "Feature", "properties": { "Id": 0, "LnType": 1, "LeftLn_FID": 1, "RightLn_FI": 0, "Chieudai": 100.0, "Lytrinh_Ke": "K24+500 ÷ K24+600" }, "geometry": { "type": "MultiLineString", "coordinates": [ [ [ 106.106478045638681, 11.396328052587164, 0.0 ], [ 106.106488801000097, 11.396323970000054, 0.0 ], [ 106.106530988500111, 11.396309459500054, 0.0 ], [ 106.106554463500061, 11.396287483000036, 0.0 ], [ 106.106626259500047, 11.396237511000026, 0.0 ], [ 106.106655486500074, 11.396215596500049, 0.0 ], [ 106.106688845000079, 11.39618023350004, 0.0 ], [ 106.106754328000065, 11.396120382500071, 0.0 ], [ 106.107018480031272, 11.395627496137763, 0.0 ] ] ] } },
{ "type": "Feature", "properties": { "Id": 0, "LnType": 1, "LeftLn_FID": 1, "RightLn_FI": 0, "Chieudai": 100.0, "Lytrinh_Ke": "K24+400 ÷ K24+500" }, "geometry": { "type": "MultiLineString", "coordinates": [ [ [ 106.107018480031272, 11.395627496137763, 0.0 ], [ 106.107123769500092, 11.39543103400006, 0.0 ], [ 106.107453272827357, 11.394831531761366, 0.0 ] ] ] } },
{ "type": "Feature", "properties": { "Id": 0, "LnType": 1, "LeftLn_FID": 1, "RightLn_FI": 0, "Chieudai": 100.0, "Lytrinh_Ke": "K24+300 ÷ K24+400" }, "geometry": { "type": "MultiLineString", "coordinates": [ [ [ 106.107453272827357, 11.394831531761366, 0.0 ], [ 106.107551195000113, 11.394653370500087, 0.0 ], [ 106.10788548329775, 11.394034194697335, 0.0 ] ] ] } },
{ "type": "Feature", "properties": { "Id": 0, "LnType": 1, "LeftLn_FID": 1, "RightLn_FI": 0, "Chieudai": 100.0, "Lytrinh_Ke": "K24+200 ÷ K24+300" }, "geometry": { "type": "MultiLineString", "coordinates": [ [ [ 106.10788548329775, 11.394034194697335, 0.0 ], [ 106.108316343474868, 11.393236142330377, 0.0 ] ] ] } },
{ "type": "Feature", "properties": { "Id": 0, "LnType": 1, "LeftLn_FID": 1, "RightLn_FI": 0, "Chieudai": 100.0, "Lytrinh_Ke": "K24+100 ÷ K24+200" }, "geometry": { "type": "MultiLineString", "coordinates": [ [ [ 106.108316343474868, 11.393236142330377, 0.0 ], [ 106.108463842000077, 11.392962940000061, 0.0 ], [ 106.108744945565149, 11.392436909976563, 0.0 ] ] ] } },
{ "type": "Feature", "properties": { "Id": 0, "LnType": 1, "LeftLn_FID": 1, "RightLn_FI": 0, "Chieudai": 100.0, "Lytrinh_Ke": "K24+000 ÷ K24+100" }, "geometry": { "type": "MultiLineString", "coordinates": [ [ [ 106.108744945565149, 11.392436909976563, 0.0 ], [ 106.109172371178971, 11.391637063191396, 0.0 ] ] ] } },
{ "type": "Feature", "properties": { "Id": 0, "LnType": 1, "LeftLn_FID": 1, "RightLn_FI": 0, "Chieudai": 100.0, "Lytrinh_Ke": "K23+900 ÷ K24+000" }, "geometry": { "type": "MultiLineString", "coordinates": [ [ [ 106.109172371178971, 11.391637063191396, 0.0 ], [ 106.109304201000072, 11.391390367500051, 0.0 ], [ 106.109598695794489, 11.390836645735126, 0.0 ] ] ] } },
{ "type": "Feature", "properties": { "Id": 0, "LnType": 1, "LeftLn_FID": 1, "RightLn_FI": 0, "Chieudai": 100.0, "Lytrinh_Ke": "K23+800 ÷ K23+900" }, "geometry": { "type": "MultiLineString", "coordinates": [ [ [ 106.109598695794489, 11.390836645735126, 0.0 ], [ 106.110009359500054, 11.390064494500065, 0.0 ], [ 106.110024153230242, 11.390035782455026, 0.0 ] ] ] } },
{ "type": "Feature", "properties": { "Id": 0, "LnType": 1, "LeftLn_FID": 1, "RightLn_FI": 0, "Chieudai": 100.0, "Lytrinh_Ke": "K23+700 ÷ K23+800" }, "geometry": { "type": "MultiLineString", "coordinates": [ [ [ 106.110024153230242, 11.390035782455026, 0.0 ], [ 106.110439458146971, 11.389229745785721, 0.0 ] ] ] } },
{ "type": "Feature", "properties": { "Id": 0, "LnType": 1, "LeftLn_FID": 1, "RightLn_FI": 0, "Chieudai": 100.0, "Lytrinh_Ke": "K23+600 ÷ K23+700" }, "geometry": { "type": "MultiLineString", "coordinates": [ [ [ 106.110439458146971, 11.389229745785721, 0.0 ], [ 106.110841930000021, 11.388448611500044, 0.0 ], [ 106.110854871421793, 11.388423764449646, 0.0 ] ] ] } },
{ "type": "Feature", "properties": { "Id": 0, "LnType": 1, "LeftLn_FID": 1, "RightLn_FI": 0, "Chieudai": 100.0, "Lytrinh_Ke": "K23+500 ÷ K23+600" }, "geometry": { "type": "MultiLineString", "coordinates": [ [ [ 106.110854871421793, 11.388423764449646, 0.0 ], [ 106.111273749721519, 11.387619531244516, 0.0 ] ] ] } },
{ "type": "Feature", "properties": { "Id": 0, "LnType": 1, "LeftLn_FID": 1, "RightLn_FI": 0, "Chieudai": 100.0, "Lytrinh_Ke": "K23+400 ÷ K23+500" }, "geometry": { "type": "MultiLineString", "coordinates": [ [ [ 106.111273749721519, 11.387619531244516, 0.0 ], [ 106.111386813000038, 11.38740245250005, 0.0 ], [ 106.111700972706529, 11.386819603367909, 0.0 ] ] ] } },
{ "type": "Feature", "properties": { "Id": 0, "LnType": 1, "LeftLn_FID": 1, "RightLn_FI": 0, "Chieudai": 100.0, "Lytrinh_Ke": "K23+300 ÷ K23+400" }, "geometry": { "type": "MultiLineString", "coordinates": [ [ [ 106.111700972706529, 11.386819603367909, 0.0 ], [ 106.111838478000024, 11.386564494000034, 0.0 ], [ 106.112126253069547, 11.386018658386034, 0.0 ] ] ] } },
{ "type": "Feature", "properties": { "Id": 0, "LnType": 1, "LeftLn_FID": 1, "RightLn_FI": 0, "Chieudai": 100.0, "Lytrinh_Ke": "K23+200 ÷ K23+300" }, "geometry": { "type": "MultiLineString", "coordinates": [ [ [ 106.112126253069547, 11.386018658386034, 0.0 ], [ 106.112549170756452, 11.385216487947957, 0.0 ] ] ] } },
{ "type": "Feature", "properties": { "Id": 0, "LnType": 1, "LeftLn_FID": 1, "RightLn_FI": 0, "Chieudai": 100.0, "Lytrinh_Ke": "K23+100 ÷ K23+200" }, "geometry": { "type": "MultiLineString", "coordinates": [ [ [ 106.112549170756452, 11.385216487947957, 0.0 ], [ 106.112972086231295, 11.38441431708125, 0.0 ] ] ] } },
{ "type": "Feature", "properties": { "Id": 0, "LnType": 1, "LeftLn_FID": 1, "RightLn_FI": 0, "Chieudai": 100.0, "Lytrinh_Ke": "K23+000 ÷ K23+100" }, "geometry": { "type": "MultiLineString", "coordinates": [ [ [ 106.112972086231295, 11.38441431708125, 0.0 ], [ 106.113165032500063, 11.384048342000023, 0.0 ], [ 106.113387937714677, 11.383608591424419, 0.0 ] ] ] } },
{ "type": "Feature", "properties": { "Id": 0, "LnType": 1, "LeftLn_FID": 1, "RightLn_FI": 0, "Chieudai": 100.0, "Lytrinh_Ke": "K22+900 ÷ K23+000" }, "geometry": { "type": "MultiLineString", "coordinates": [ [ [ 106.113387937714677, 11.383608591424419, 0.0 ], [ 106.113797862094444, 11.382799883200333, 0.0 ] ] ] } },
{ "type": "Feature", "properties": { "Id": 0, "LnType": 1, "LeftLn_FID": 1, "RightLn_FI": 0, "Chieudai": 100.0, "Lytrinh_Ke": "K22+800 ÷ K22+900" }, "geometry": { "type": "MultiLineString", "coordinates": [ [ [ 106.113797862094444, 11.382799883200333, 0.0 ], [ 106.113985581500089, 11.382429544500033, 0.0 ], [ 106.114207154958834, 11.381990864553785, 0.0 ] ] ] } },
{ "type": "Feature", "properties": { "Id": 0, "LnType": 1, "LeftLn_FID": 1, "RightLn_FI": 0, "Chieudai": 100.0, "Lytrinh_Ke": "K22+700 ÷ K22+800" }, "geometry": { "type": "MultiLineString", "coordinates": [ [ [ 106.114207154958834, 11.381990864553785, 0.0 ], [ 106.114505424500067, 11.381400336500057, 0.0 ], [ 106.114618007171913, 11.381182625107092, 0.0 ] ] ] } },
{ "type": "Feature", "properties": { "Id": 0, "LnType": 1, "LeftLn_FID": 1, "RightLn_FI": 0, "Chieudai": 100.0, "Lytrinh_Ke": "K22+600 ÷ K22+700" }, "geometry": { "type": "MultiLineString", "coordinates": [ [ [ 106.114618007171913, 11.381182625107092, 0.0 ], [ 106.115034507822955, 11.380377196825094, 0.0 ] ] ] } },
{ "type": "Feature", "properties": { "Id": 0, "LnType": 1, "LeftLn_FID": 1, "RightLn_FI": 0, "Chieudai": 100.0, "Lytrinh_Ke": "K22+500 ÷ K22+600" }, "geometry": { "type": "MultiLineString", "coordinates": [ [ [ 106.115034507822955, 11.380377196825094, 0.0 ], [ 106.115176975500049, 11.380101692000075, 0.0 ], [ 106.115456930374407, 11.379574791411674, 0.0 ] ] ] } },
{ "type": "Feature", "properties": { "Id": 0, "LnType": 1, "LeftLn_FID": 1, "RightLn_FI": 0, "Chieudai": 100.0, "Lytrinh_Ke": "K22+400 ÷ K22+500" }, "geometry": { "type": "MultiLineString", "coordinates": [ [ [ 106.115456930374407, 11.379574791411674, 0.0 ], [ 106.11575682350005, 11.379010363000058, 0.0 ], [ 106.115887215952796, 11.378776493447948, 0.0 ] ] ] } },
{ "type": "Feature", "properties": { "Id": 0, "LnType": 1, "LeftLn_FID": 1, "RightLn_FI": 0, "Chieudai": 100.0, "Lytrinh_Ke": "K22+300 ÷ K22+400" }, "geometry": { "type": "MultiLineString", "coordinates": [ [ [ 106.115887215952796, 11.378776493447948, 0.0 ], [ 106.115905347500046, 11.378743973000059, 0.0 ], [ 106.116292350655584, 11.377965486409572, 0.0 ] ] ] } },
{ "type": "Feature", "properties": { "Id": 0, "LnType": 1, "LeftLn_FID": 1, "RightLn_FI": 0, "Chieudai": 100.0, "Lytrinh_Ke": "K22+200 ÷ K22+300" }, "geometry": { "type": "MultiLineString", "coordinates": [ [ [ 106.116292350655584, 11.377965486409572, 0.0 ], [ 106.116372872000085, 11.377803511000042, 0.0 ], [ 106.116540639500101, 11.377455183000027, 0.0 ], [ 106.116688847829792, 11.37715030162032, 0.0 ] ] ] } },
{ "type": "Feature", "properties": { "Id": 0, "LnType": 1, "LeftLn_FID": 1, "RightLn_FI": 0, "Chieudai": 100.0, "Lytrinh_Ke": "K22+100 ÷ K22+200" }, "geometry": { "type": "MultiLineString", "coordinates": [ [ [ 106.116688847829792, 11.37715030162032, 0.0 ], [ 106.116761642000085, 11.377000555500036, 0.0 ], [ 106.116941439500039, 11.376624085500026, 0.0 ], [ 106.117093362017528, 11.376339157468221, 0.0 ] ] ] } },
{ "type": "Feature", "properties": { "Id": 0, "LnType": 1, "LeftLn_FID": 1, "RightLn_FI": 0, "Chieudai": 100.0, "Lytrinh_Ke": "K22+000 ÷ K22+100" }, "geometry": { "type": "MultiLineString", "coordinates": [ [ [ 106.117093362017528, 11.376339157468221, 0.0 ], [ 106.117095944000027, 11.376334315000015, 0.0 ], [ 106.117246764500038, 11.376066225500043, 0.0 ], [ 106.117320272500038, 11.375931963500086, 0.0 ], [ 106.117391700000084, 11.375815183000059, 0.0 ], [ 106.117464844000068, 11.375685631000048, 0.0 ], [ 106.117543448358873, 11.375551641850571, 0.0 ] ] ] } },
{ "type": "Feature", "properties": { "Id": 0, "LnType": 1, "LeftLn_FID": 1, "RightLn_FI": 0, "Chieudai": 100.0, "Lytrinh_Ke": "K21+900 ÷ K22+000" }, "geometry": { "type": "MultiLineString", "coordinates": [ [ [ 106.117543448358873, 11.375551641850571, 0.0 ], [ 106.117796489500108, 11.37512030650003, 0.0 ], [ 106.117988235490884, 11.374761282148109, 0.0 ] ] ] } },
{ "type": "Feature", "properties": { "Id": 0, "LnType": 1, "LeftLn_FID": 1, "RightLn_FI": 0, "Chieudai": 100.0, "Lytrinh_Ke": "K21+800 ÷ K21+900" }, "geometry": { "type": "MultiLineString", "coordinates": [ [ [ 106.117988235490884, 11.374761282148109, 0.0 ], [ 106.118157956500113, 11.374443496500081, 0.0 ], [ 106.118352245000068, 11.374053338500044, 0.0 ], [ 106.118403780677383, 11.373955472383011, 0.0 ] ] ] } },
{ "type": "Feature", "properties": { "Id": 0, "LnType": 1, "LeftLn_FID": 1, "RightLn_FI": 0, "Chieudai": 100.0, "Lytrinh_Ke": "K21+700 ÷ K21+800" }, "geometry": { "type": "MultiLineString", "coordinates": [ [ [ 106.118403780677383, 11.373955472383011, 0.0 ], [ 106.118826299383315, 11.373153107870623, 0.0 ] ] ] } },
{ "type": "Feature", "properties": { "Id": 0, "LnType": 1, "LeftLn_FID": 1, "RightLn_FI": 0, "Chieudai": 100.0, "Lytrinh_Ke": "K21+600 ÷ K21+700" }, "geometry": { "type": "MultiLineString", "coordinates": [ [ [ 106.118826299383315, 11.373153107870623, 0.0 ], [ 106.119032960500022, 11.37276065600007, 0.0 ], [ 106.119248697719598, 11.372350682372542, 0.0 ] ] ] } },
{ "type": "Feature", "properties": { "Id": 0, "LnType": 1, "LeftLn_FID": 1, "RightLn_FI": 0, "Chieudai": 100.0, "Lytrinh_Ke": "K21+500 ÷ K21+600" }, "geometry": { "type": "MultiLineString", "coordinates": [ [ [ 106.119248697719598, 11.372350682372542, 0.0 ], [ 106.119670980720684, 11.371548198469, 0.0 ] ] ] } },
{ "type": "Feature", "properties": { "Id": 0, "LnType": 1, "LeftLn_FID": 1, "RightLn_FI": 0, "Chieudai": 100.0, "Lytrinh_Ke": "K21+400 ÷ K21+500" }, "geometry": { "type": "MultiLineString", "coordinates": [ [ [ 106.119670980720684, 11.371548198469, 0.0 ], [ 106.119874718500057, 11.371161024500084, 0.0 ], [ 106.120066824500057, 11.37084176900003, 0.0 ], [ 106.120111423778539, 11.370755698307617, 0.0 ] ] ] } },
{ "type": "Feature", "properties": { "Id": 0, "LnType": 1, "LeftLn_FID": 1, "RightLn_FI": 0, "Chieudai": 100.0, "Lytrinh_Ke": "K21+300 ÷ K21+400" }, "geometry": { "type": "MultiLineString", "coordinates": [ [ [ 106.120111423778539, 11.370755698307617, 0.0 ], [ 106.120369416000102, 11.370257806500044, 0.0 ], [ 106.120451417000083, 11.370107433500078, 0.0 ], [ 106.120534573642672, 11.369953705915361, 0.0 ] ] ] } },
{ "type": "Feature", "properties": { "Id": 0, "LnType": 1, "LeftLn_FID": 1, "RightLn_FI": 0, "Chieudai": 100.0, "Lytrinh_Ke": "K21+200 ÷ K21+300" }, "geometry": { "type": "MultiLineString", "coordinates": [ [ [ 106.120534573642672, 11.369953705915361, 0.0 ], [ 106.120933628500083, 11.369215990500056, 0.0 ], [ 106.120965330559926, 11.369155626575058, 0.0 ] ] ] } },
{ "type": "Feature", "properties": { "Id": 0, "LnType": 1, "LeftLn_FID": 1, "RightLn_FI": 0, "Chieudai": 100.0, "Lytrinh_Ke": "K21+100 ÷ K21+200" }, "geometry": { "type": "MultiLineString", "coordinates": [ [ [ 106.120965330559926, 11.369155626575058, 0.0 ], [ 106.121386955061965, 11.368352808443335, 0.0 ] ] ] } },
{ "type": "Feature", "properties": { "Id": 0, "LnType": 1, "LeftLn_FID": 1, "RightLn_FI": 0, "Chieudai": 100.0, "Lytrinh_Ke": "K21+000 ÷ K21+100" }, "geometry": { "type": "MultiLineString", "coordinates": [ [ [ 106.121386955061965, 11.368352808443335, 0.0 ], [ 106.121684789000071, 11.367785698000016, 0.0 ], [ 106.121806483171213, 11.367548930495959, 0.0 ] ] ] } },
{ "type": "Feature", "properties": { "Id": 0, "LnType": 1, "LeftLn_FID": 1, "RightLn_FI": 0, "Chieudai": 100.0, "Lytrinh_Ke": "K20+900 ÷ K21+000" }, "geometry": { "type": "MultiLineString", "coordinates": [ [ [ 106.121806483171213, 11.367548930495959, 0.0 ], [ 106.122013412000058, 11.36714633, 0.0 ], [ 106.12221860221058, 11.366741326552349, 0.0 ] ] ] } },
{ "type": "Feature", "properties": { "Id": 0, "LnType": 1, "LeftLn_FID": 1, "RightLn_FI": 0, "Chieudai": 100.0, "Lytrinh_Ke": "K20+800 ÷ K20+900" }, "geometry": { "type": "MultiLineString", "coordinates": [ [ [ 106.12221860221058, 11.366741326552349, 0.0 ], [ 106.122598917500028, 11.365990659000047, 0.0 ], [ 106.122627753274614, 11.365932254593192, 0.0 ] ] ] } },
{ "type": "Feature", "properties": { "Id": 0, "LnType": 1, "LeftLn_FID": 1, "RightLn_FI": 0, "Chieudai": 100.0, "Lytrinh_Ke": "K20+700 ÷ K20+800" }, "geometry": { "type": "MultiLineString", "coordinates": [ [ [ 106.122627753274614, 11.365932254593192, 0.0 ], [ 106.123029090369954, 11.365119377984678, 0.0 ] ] ] } },
{ "type": "Feature", "properties": { "Id": 0, "LnType": 1, "LeftLn_FID": 1, "RightLn_FI": 0, "Chieudai": 100.0, "Lytrinh_Ke": "K20+600 ÷ K20+700" }, "geometry": { "type": "MultiLineString", "coordinates": [ [ [ 106.123029090369954, 11.365119377984678, 0.0 ], [ 106.123099140500074, 11.364977496500064, 0.0 ], [ 106.123155660500032, 11.364894778500094, 0.0 ], [ 106.123202706000072, 11.364808884500084, 0.0 ], [ 106.123250895500064, 11.364726428000063, 0.0 ], [ 106.123300443500042, 11.364661101500078, 0.0 ], [ 106.123350779000077, 11.364606611500083, 0.0 ], [ 106.123397588000074, 11.364552274500022, 0.0 ], [ 106.123449514500066, 11.364480137, 0.0 ], [ 106.123497188000073, 11.364427834500036, 0.0 ], [ 106.123548067531274, 11.364381476289447, 0.0 ] ] ] } },
{ "type": "Feature", "properties": { "Id": 0, "LnType": 1, "LeftLn_FID": 1, "RightLn_FI": 0, "Chieudai": 100.0, "Lytrinh_Ke": "K20+500 ÷ K20+600" }, "geometry": { "type": "MultiLineString", "coordinates": [ [ [ 106.123548067531274, 11.364381476289447, 0.0 ], [ 106.123581655000081, 11.364350873500022, 0.0 ], [ 106.1236361630001, 11.364298065500048, 0.0 ], [ 106.124213491915583, 11.363759835706142, 0.0 ] ] ] } },
{ "type": "Feature", "properties": { "Id": 0, "LnType": 1, "LeftLn_FID": 1, "RightLn_FI": 0, "Chieudai": 100.0, "Lytrinh_Ke": "K20+400 ÷ K20+500" }, "geometry": { "type": "MultiLineString", "coordinates": [ [ [ 106.124213491915583, 11.363759835706142, 0.0 ], [ 106.124246079500068, 11.363729455000037, 0.0 ], [ 106.124886248582172, 11.3631459089477, 0.0 ] ] ] } },
{ "type": "Feature", "properties": { "Id": 0, "LnType": 1, "LeftLn_FID": 1, "RightLn_FI": 0, "Chieudai": 100.0, "Lytrinh_Ke": "K20+300 ÷ K20+400" }, "geometry": { "type": "MultiLineString", "coordinates": [ [ [ 106.124886248582172, 11.3631459089477, 0.0 ], [ 106.125035151500072, 11.363010176000081, 0.0 ], [ 106.125500345500058, 11.362572885000095, 0.0 ], [ 106.12555184788377, 11.362524457143634, 0.0 ] ] ] } },
{ "type": "Feature", "properties": { "Id": 0, "LnType": 1, "LeftLn_FID": 1, "RightLn_FI": 0, "Chieudai": 100.0, "Lytrinh_Ke": "K20+200 ÷ K20+300" }, "geometry": { "type": "MultiLineString", "coordinates": [ [ [ 106.12555184788377, 11.362524457143634, 0.0 ], [ 106.126215229121982, 11.361900675499996, 0.0 ] ] ] } },
{ "type": "Feature", "properties": { "Id": 0, "LnType": 1, "LeftLn_FID": 1, "RightLn_FI": 0, "Chieudai": 100.0, "Lytrinh_Ke": "K20+100 ÷ K20+200" }, "geometry": { "type": "MultiLineString", "coordinates": [ [ [ 106.126215229121982, 11.361900675499996, 0.0 ], [ 106.12635138900005, 11.361772643000094, 0.0 ], [ 106.126883744570506, 11.361282267080625, 0.0 ] ] ] } },
{ "type": "Feature", "properties": { "Id": 0, "LnType": 1, "LeftLn_FID": 1, "RightLn_FI": 0, "Chieudai": 100.0, "Lytrinh_Ke": "K20+000 ÷ K20+100" }, "geometry": { "type": "MultiLineString", "coordinates": [ [ [ 106.126883744570506, 11.361282267080625, 0.0 ], [ 106.127553583829894, 11.360665245402485, 0.0 ] ] ] } },
{ "type": "Feature", "properties": { "Id": 0, "LnType": 1, "LeftLn_FID": 1, "RightLn_FI": 0, "Chieudai": 100.0, "Lytrinh_Ke": "K19+900 ÷ K20+000" }, "geometry": { "type": "MultiLineString", "coordinates": [ [ [ 106.127553583829894, 11.360665245402485, 0.0 ], [ 106.127745198000099, 11.360488739500076, 0.0 ], [ 106.128222197771393, 11.360046933850267, 0.0 ] ] ] } },
{ "type": "Feature", "properties": { "Id": 0, "LnType": 1, "LeftLn_FID": 1, "RightLn_FI": 0, "Chieudai": 100.0, "Lytrinh_Ke": "K19+800 ÷ K19+900" }, "geometry": { "type": "MultiLineString", "coordinates": [ [ [ 106.128222197771393, 11.360046933850267, 0.0 ], [ 106.128536643000075, 11.359755688000051, 0.0 ], [ 106.128895933765818, 11.359434109130234, 0.0 ] ] ] } },
{ "type": "Feature", "properties": { "Id": 0, "LnType": 1, "LeftLn_FID": 1, "RightLn_FI": 0, "Chieudai": 100.0, "Lytrinh_Ke": "K19+700 ÷ K19+800" }, "geometry": { "type": "MultiLineString", "coordinates": [ [ [ 106.128895933765818, 11.359434109130234, 0.0 ], [ 106.128997873500083, 11.359342869000088, 0.0 ], [ 106.129121515500088, 11.359229261000044, 0.0 ], [ 106.129321586000103, 11.359068299500048, 0.0 ], [ 106.129581754967148, 11.358834888928525, 0.0 ] ] ] } },
{ "type": "Feature", "properties": { "Id": 0, "LnType": 1, "LeftLn_FID": 1, "RightLn_FI": 0, "Chieudai": 100.0, "Lytrinh_Ke": "K19+600 ÷ K19+700" }, "geometry": { "type": "MultiLineString", "coordinates": [ [ [ 106.129581754967148, 11.358834888928525, 0.0 ], [ 106.130259756620916, 11.358226617083023, 0.0 ] ] ] } },
{ "type": "Feature", "properties": { "Id": 0, "LnType": 1, "LeftLn_FID": 1, "RightLn_FI": 0, "Chieudai": 100.0, "Lytrinh_Ke": "K19+500 ÷ K19+600" }, "geometry": { "type": "MultiLineString", "coordinates": [ [ [ 106.130259756620916, 11.358226617083023, 0.0 ], [ 106.13046842850008, 11.358039405500062, 0.0 ], [ 106.130726236000044, 11.357811267500066, 0.0 ], [ 106.130940547052518, 11.357621393900914, 0.0 ] ] ] } },
{ "type": "Feature", "properties": { "Id": 0, "LnType": 1, "LeftLn_FID": 1, "RightLn_FI": 0, "Chieudai": 100.0, "Lytrinh_Ke": "K19+400 ÷ K19+500" }, "geometry": { "type": "MultiLineString", "coordinates": [ [ [ 106.130940547052518, 11.357621393900914, 0.0 ], [ 106.131045273000069, 11.357528609500086, 0.0 ], [ 106.131133635500049, 11.357448063500067, 0.0 ], [ 106.131180798500083, 11.357406836500086, 0.0 ], [ 106.131219233000081, 11.357358737500109, 0.0 ], [ 106.13124616350008, 11.357307595000085, 0.0 ], [ 106.131277637500062, 11.357272685500043, 0.0 ], [ 106.131285186500065, 11.357249165000027, 0.0 ], [ 106.13130799350003, 11.357182626500032, 0.0 ], [ 106.131357258000079, 11.35709659300003, 0.0 ], [ 106.131412089000094, 11.356986647000049, 0.0 ], [ 106.131454551838786, 11.356893027098758, 0.0 ] ] ] } },
{ "type": "Feature", "properties": { "Id": 0, "LnType": 1, "LeftLn_FID": 1, "RightLn_FI": 0, "Chieudai": 100.0, "Lytrinh_Ke": "K19+300 ÷ K19+400" }, "geometry": { "type": "MultiLineString", "coordinates": [ [ [ 106.131454551838786, 11.356893027098758, 0.0 ], [ 106.131619003000068, 11.356530453000094, 0.0 ], [ 106.131846819676284, 11.356076043016357, 0.0 ] ] ] } },
{ "type": "Feature", "properties": { "Id": 0, "LnType": 1, "LeftLn_FID": 1, "RightLn_FI": 0, "Chieudai": 100.0, "Lytrinh_Ke": "K19+200 ÷ K19+300" }, "geometry": { "type": "MultiLineString", "coordinates": [ [ [ 106.131846819676284, 11.356076043016357, 0.0 ], [ 106.131852900000055, 11.356063915000069, 0.0 ], [ 106.13215302100005, 11.355434896500043, 0.0 ], [ 106.132235991065571, 11.355257444076447, 0.0 ] ] ] } },
{ "type": "Feature", "properties": { "Id": 0, "LnType": 1, "LeftLn_FID": 1, "RightLn_FI": 0, "Chieudai": 100.0, "Lytrinh_Ke": "K19+100 ÷ K19+200" }, "geometry": { "type": "MultiLineString", "coordinates": [ [ [ 106.132235991065571, 11.355257444076447, 0.0 ], [ 106.132540601000102, 11.354605957000025, 0.0 ], [ 106.132621651496194, 11.354437229818492, 0.0 ] ] ] } },
{ "type": "Feature", "properties": { "Id": 0, "LnType": 1, "LeftLn_FID": 1, "RightLn_FI": 0, "Chieudai": 100.0, "Lytrinh_Ke": "K19+000 ÷ K19+100" }, "geometry": { "type": "MultiLineString", "coordinates": [ [ [ 106.132621651496194, 11.354437229818492, 0.0 ], [ 106.133014138143366, 11.353620166437574, 0.0 ] ] ] } },
{ "type": "Feature", "properties": { "Id": 0, "LnType": 1, "LeftLn_FID": 1, "RightLn_FI": 0, "Chieudai": 100.0, "Lytrinh_Ke": "K18+900 ÷ K19+000" }, "geometry": { "type": "MultiLineString", "coordinates": [ [ [ 106.133014138143366, 11.353620166437574, 0.0 ], [ 106.133040753000103, 11.353564760500017, 0.0 ], [ 106.13340554154459, 11.352802597895804, 0.0 ] ] ] } },
{ "type": "Feature", "properties": { "Id": 0, "LnType": 1, "LeftLn_FID": 1, "RightLn_FI": 0, "Chieudai": 100.0, "Lytrinh_Ke": "K18+800 ÷ K18+900" }, "geometry": { "type": "MultiLineString", "coordinates": [ [ [ 106.13340554154459, 11.352802597895804, 0.0 ], [ 106.133539162500085, 11.352523419000057, 0.0 ], [ 106.133630458000084, 11.352325132000097, 0.0 ], [ 106.133708422000097, 11.352165316000052, 0.0 ], [ 106.133795278818525, 11.351984285194261, 0.0 ] ] ] } },
{ "type": "Feature", "properties": { "Id": 0, "LnType": 1, "LeftLn_FID": 1, "RightLn_FI": 0, "Chieudai": 100.0, "Lytrinh_Ke": "K18+700 ÷ K18+800" }, "geometry": { "type": "MultiLineString", "coordinates": [ [ [ 106.133795278818525, 11.351984285194261, 0.0 ], [ 106.134187381712721, 11.351167044245967, 0.0 ] ] ] } },
{ "type": "Feature", "properties": { "Id": 0, "LnType": 1, "LeftLn_FID": 1, "RightLn_FI": 0, "Chieudai": 100.0, "Lytrinh_Ke": "K18+600 ÷ K18+700" }, "geometry": { "type": "MultiLineString", "coordinates": [ [ [ 106.134187381712721, 11.351167044245967, 0.0 ], [ 106.134265423500096, 11.351004385000092, 0.0 ], [ 106.134576883670007, 11.350348594897152, 0.0 ] ] ] } },
{ "type": "Feature", "properties": { "Id": 0, "LnType": 1, "LeftLn_FID": 1, "RightLn_FI": 0, "Chieudai": 100.0, "Lytrinh_Ke": "K18+500 ÷ K18+600" }, "geometry": { "type": "MultiLineString", "coordinates": [ [ [ 106.134576883670007, 11.350348594897152, 0.0 ], [ 106.134965737782935, 11.349529845011231, 0.0 ] ] ] } },
{ "type": "Feature", "properties": { "Id": 0, "LnType": 1, "LeftLn_FID": 1, "RightLn_FI": 0, "Chieudai": 100.0, "Lytrinh_Ke": "K18+400 ÷ K18+500" }, "geometry": { "type": "MultiLineString", "coordinates": [ [ [ 106.134965737782935, 11.349529845011231, 0.0 ], [ 106.135066015500087, 11.349318705000064, 0.0 ], [ 106.135354963120221, 11.348711267542194, 0.0 ] ] ] } },
{ "type": "Feature", "properties": { "Id": 0, "LnType": 1, "LeftLn_FID": 1, "RightLn_FI": 0, "Chieudai": 100.0, "Lytrinh_Ke": "K18+300 ÷ K18+400" }, "geometry": { "type": "MultiLineString", "coordinates": [ [ [ 106.135354963120221, 11.348711267542194, 0.0 ], [ 106.135699918000071, 11.347986086000038, 0.0 ], [ 106.135744398956362, 11.347892788173624, 0.0 ] ] ] } },
{ "type": "Feature", "properties": { "Id": 0, "LnType": 1, "LeftLn_FID": 1, "RightLn_FI": 0, "Chieudai": 100.0, "Lytrinh_Ke": "K18+200 ÷ K18+300" }, "geometry": { "type": "MultiLineString", "coordinates": [ [ [ 106.135744398956362, 11.347892788173624, 0.0 ], [ 106.136009590500066, 11.347336553500069, 0.0 ], [ 106.136065695500051, 11.347176761500041, 0.0 ], [ 106.136124633978881, 11.347071367340934, 0.0 ] ] ] } },
{ "type": "Feature", "properties": { "Id": 0, "LnType": 1, "LeftLn_FID": 1, "RightLn_FI": 0, "Chieudai": 100.0, "Lytrinh_Ke": "K18+100 ÷ K18+200" }, "geometry": { "type": "MultiLineString", "coordinates": [ [ [ 106.136124633978881, 11.347071367340934, 0.0 ], [ 106.136195367000084, 11.346944882000033, 0.0 ], [ 106.136477315278711, 11.346237919748917, 0.0 ] ] ] } },
{ "type": "Feature", "properties": { "Id": 0, "LnType": 1, "LeftLn_FID": 1, "RightLn_FI": 0, "Chieudai": 100.0, "Lytrinh_Ke": "K18+000 ÷ K18+100" }, "geometry": { "type": "MultiLineString", "coordinates": [ [ [ 106.136477315278711, 11.346237919748917, 0.0 ], [ 106.136599874500078, 11.345930611500046, 0.0 ], [ 106.136813838969545, 11.345396902252039, 0.0 ] ] ] } },
{ "type": "Feature", "properties": { "Id": 0, "LnType": 1, "LeftLn_FID": 1, "RightLn_FI": 0, "Chieudai": 100.0, "Lytrinh_Ke": "K17+900 ÷ K18+000" }, "geometry": { "type": "MultiLineString", "coordinates": [ [ [ 106.136813838969545, 11.345396902252039, 0.0 ], [ 106.137150915553704, 11.344556100486246, 0.0 ] ] ] } },
{ "type": "Feature", "properties": { "Id": 0, "LnType": 1, "LeftLn_FID": 1, "RightLn_FI": 0, "Chieudai": 100.0, "Lytrinh_Ke": "K17+800 ÷ K17+900" }, "geometry": { "type": "MultiLineString", "coordinates": [ [ [ 106.137150915553704, 11.344556100486246, 0.0 ], [ 106.137159333000085, 11.344535104000098, 0.0 ], [ 106.137475193500052, 11.343765917000072, 0.0 ], [ 106.137493521213585, 11.343717498622524, 0.0 ] ] ] } },
{ "type": "Feature", "properties": { "Id": 0, "LnType": 1, "LeftLn_FID": 1, "RightLn_FI": 0, "Chieudai": 100.0, "Lytrinh_Ke": "K17+700 ÷ K17+800" }, "geometry": { "type": "MultiLineString", "coordinates": [ [ [ 106.137493521213585, 11.343717498622524, 0.0 ], [ 106.137526601000047, 11.343630108000067, 0.0 ], [ 106.137545338500047, 11.343579685000028, 0.0 ], [ 106.137567570000016, 11.343541279500041, 0.0 ], [ 106.137595397500007, 11.343499546500004, 0.0 ], [ 106.137636084000036, 11.343453924000054, 0.0 ], [ 106.137731877000078, 11.343360295000034, 0.0 ], [ 106.137779157500091, 11.343313440500019, 0.0 ], [ 106.137897160500074, 11.343246773500015, 0.0 ], [ 106.138027961000049, 11.343162305500048, 0.0 ], [ 106.138029491000083, 11.34316086650006, 0.0 ], [ 106.138127820366918, 11.343103832406621, 0.0 ] ] ] } },
{ "type": "Feature", "properties": { "Id": 0, "LnType": 1, "LeftLn_FID": 1, "RightLn_FI": 0, "Chieudai": 100.0, "Lytrinh_Ke": "K17+600 ÷ K17+700" }, "geometry": { "type": "MultiLineString", "coordinates": [ [ [ 106.138127820366918, 11.343103832406621, 0.0 ], [ 106.138134484500071, 11.343099967000034, 0.0 ], [ 106.138248497000035, 11.343037813, 0.0 ], [ 106.138338146500047, 11.34299071600001, 0.0 ], [ 106.138549755000071, 11.342860892000038, 0.0 ], [ 106.138635401000101, 11.342805476000022, 0.0 ], [ 106.138704149500086, 11.342755933500047, 0.0 ], [ 106.138777919000063, 11.34268554150003, 0.0 ], [ 106.138883533856998, 11.342598797686451, 0.0 ] ] ] } },
{ "type": "Feature", "properties": { "Id": 0, "LnType": 1, "LeftLn_FID": 1, "RightLn_FI": 0, "Chieudai": 100.0, "Lytrinh_Ke": "K17+500 ÷ K17+600" }, "geometry": { "type": "MultiLineString", "coordinates": [ [ [ 106.138883533856998, 11.342598797686451, 0.0 ], [ 106.13910669650005, 11.342415509000034, 0.0 ], [ 106.139214614000053, 11.342329908500016, 0.0 ], [ 106.13952930700006, 11.342036420500069, 0.0 ], [ 106.139569210379051, 11.341999807352035, 0.0 ] ] ] } },
{ "type": "Feature", "properties": { "Id": 0, "LnType": 1, "LeftLn_FID": 1, "RightLn_FI": 0, "Chieudai": 100.0, "Lytrinh_Ke": "K17+400 ÷ K17+500" }, "geometry": { "type": "MultiLineString", "coordinates": [ [ [ 106.139569210379051, 11.341999807352035, 0.0 ], [ 106.140231648500077, 11.341391988500067, 0.0 ], [ 106.140240212364446, 11.341384069790131, 0.0 ] ] ] } },
{ "type": "Feature", "properties": { "Id": 0, "LnType": 1, "LeftLn_FID": 1, "RightLn_FI": 0, "Chieudai": 100.0, "Lytrinh_Ke": "K17+300 ÷ K17+400" }, "geometry": { "type": "MultiLineString", "coordinates": [ [ [ 106.140240212364446, 11.341384069790131, 0.0 ], [ 106.140908833500887, 11.340765816897497, 0.0 ] ] ] } },
{ "type": "Feature", "properties": { "Id": 0, "LnType": 1, "LeftLn_FID": 1, "RightLn_FI": 0, "Chieudai": 100.0, "Lytrinh_Ke": "K17+200 ÷ K17+300" }, "geometry": { "type": "MultiLineString", "coordinates": [ [ [ 106.140908833500887, 11.340765816897497, 0.0 ], [ 106.141154688000071, 11.34053848200001, 0.0 ], [ 106.141584033562225, 11.340154611963072, 0.0 ] ] ] } },
{ "type": "Feature", "properties": { "Id": 0, "LnType": 1, "LeftLn_FID": 1, "RightLn_FI": 0, "Chieudai": 100.0, "Lytrinh_Ke": "K17+100 ÷ K17+200" }, "geometry": { "type": "MultiLineString", "coordinates": [ [ [ 106.141584033562225, 11.340154611963072, 0.0 ], [ 106.142195714500048, 11.339607716500016, 0.0 ], [ 106.142264786523029, 11.339549442812542, 0.0 ] ] ] } },
{ "type": "Feature", "properties": { "Id": 0, "LnType": 1, "LeftLn_FID": 1, "RightLn_FI": 0, "Chieudai": 100.0, "Lytrinh_Ke": "K17+000 ÷ K17+100" }, "geometry": { "type": "MultiLineString", "coordinates": [ [ [ 106.142264786523029, 11.339549442812542, 0.0 ], [ 106.142718494000064, 11.339166664500038, 0.0 ], [ 106.142824665500086, 11.339076582500033, 0.0 ], [ 106.142964698966637, 11.338966017055734, 0.0 ] ] ] } },
{ "type": "Feature", "properties": { "Id": 0, "LnType": 1, "LeftLn_FID": 1, "RightLn_FI": 0, "Chieudai": 100.0, "Lytrinh_Ke": "K16+900 ÷ K17+000" }, "geometry": { "type": "MultiLineString", "coordinates": [ [ [ 106.142964698966637, 11.338966017055734, 0.0 ], [ 106.142990944500099, 11.338945294500046, 0.0 ], [ 106.143137258500104, 11.33884134800007, 0.0 ], [ 106.143227244000073, 11.338785491000074, 0.0 ], [ 106.143322999000034, 11.338718008000033, 0.0 ], [ 106.143333535000053, 11.338713481000077, 0.0 ], [ 106.143337744000036, 11.338711227500042, 0.0 ], [ 106.143417518000092, 11.338663306500077, 0.0 ], [ 106.143494863000086, 11.338623066000086, 0.0 ], [ 106.143599918000064, 11.338555706000058, 0.0 ], [ 106.143671777000094, 11.338503449500053, 0.0 ], [ 106.143724406500098, 11.338464835000053, 0.0 ], [ 106.143725320286734, 11.338464124741051, 0.0 ] ] ] } },
{ "type": "Feature", "properties": { "Id": 0, "LnType": 1, "LeftLn_FID": 1, "RightLn_FI": 0, "Chieudai": 100.0, "Lytrinh_Ke": "K16+800 ÷ K16+900" }, "geometry": { "type": "MultiLineString", "coordinates": [ [ [ 106.143725320286734, 11.338464124741051, 0.0 ], [ 106.143796114500077, 11.33840909850006, 0.0 ], [ 106.143860527500067, 11.338352125000057, 0.0 ], [ 106.143929210000039, 11.338280566500082, 0.0 ], [ 106.143973803500046, 11.338237956500054, 0.0 ], [ 106.144032373500053, 11.338159435000044, 0.0 ], [ 106.144067092000043, 11.338114351500039, 0.0 ], [ 106.14414389500007, 11.337992161500072, 0.0 ], [ 106.144292590631238, 11.337762919017139, 0.0 ] ] ] } },
{ "type": "Feature", "properties": { "Id": 0, "LnType": 1, "LeftLn_FID": 1, "RightLn_FI": 0, "Chieudai": 100.0, "Lytrinh_Ke": "K16+700 ÷ K16+800" }, "geometry": { "type": "MultiLineString", "coordinates": [ [ [ 106.144292590631238, 11.337762919017139, 0.0 ], [ 106.144488368000111, 11.337461090500108, 0.0 ], [ 106.14474808350009, 11.337087677000106, 0.0 ], [ 106.144798825302487, 11.337009391556697, 0.0 ] ] ] } },
{ "type": "Feature", "properties": { "Id": 0, "LnType": 1, "LeftLn_FID": 1, "RightLn_FI": 0, "Chieudai": 100.0, "Lytrinh_Ke": "K16+600 ÷ K16+700" }, "geometry": { "type": "MultiLineString", "coordinates": [ [ [ 106.144798825302487, 11.337009391556697, 0.0 ], [ 106.144871798500105, 11.336896807000098, 0.0 ], [ 106.145288702417773, 11.336245272131887, 0.0 ] ] ] } },
{ "type": "Feature", "properties": { "Id": 0, "LnType": 1, "LeftLn_FID": 1, "RightLn_FI": 0, "Chieudai": 100.0, "Lytrinh_Ke": "K16+500 ÷ K16+600" }, "geometry": { "type": "MultiLineString", "coordinates": [ [ [ 106.145288702417773, 11.336245272131887, 0.0 ], [ 106.145370898000095, 11.336116817000084, 0.0 ], [ 106.145778338974552, 11.335481001268189, 0.0 ] ] ] } },
{ "type": "Feature", "properties": { "Id": 0, "LnType": 1, "LeftLn_FID": 1, "RightLn_FI": 0, "Chieudai": 100.0, "Lytrinh_Ke": "K16+400 ÷ K16+500" }, "geometry": { "type": "MultiLineString", "coordinates": [ [ [ 106.145778338974552, 11.335481001268189, 0.0 ], [ 106.146268059343612, 11.334716783619973, 0.0 ] ] ] } },
{ "type": "Feature", "properties": { "Id": 0, "LnType": 1, "LeftLn_FID": 1, "RightLn_FI": 0, "Chieudai": 100.0, "Lytrinh_Ke": "K16+300 ÷ K16+400" }, "geometry": { "type": "MultiLineString", "coordinates": [ [ [ 106.146268059343612, 11.334716783619973, 0.0 ], [ 106.146339971500069, 11.334604563000042, 0.0 ], [ 106.146758450784006, 11.333952986189832, 0.0 ] ] ] } },
{ "type": "Feature", "properties": { "Id": 0, "LnType": 1, "LeftLn_FID": 1, "RightLn_FI": 0, "Chieudai": 100.0, "Lytrinh_Ke": "K16+200 ÷ K16+300" }, "geometry": { "type": "MultiLineString", "coordinates": [ [ [ 106.146758450784006, 11.333952986189832, 0.0 ], [ 106.146808132500041, 11.333875631000033, 0.0 ], [ 106.146938171500054, 11.333675661000054, 0.0 ], [ 106.147166301500079, 11.333323984000039, 0.0 ], [ 106.147251938804288, 11.333191136251671, 0.0 ] ] ] } },
{ "type": "Feature", "properties": { "Id": 0, "LnType": 1, "LeftLn_FID": 1, "RightLn_FI": 0, "Chieudai": 100.0, "Lytrinh_Ke": "K16+100 ÷ K16+200" }, "geometry": { "type": "MultiLineString", "coordinates": [ [ [ 106.147251938804288, 11.333191136251671, 0.0 ], [ 106.147743733833465, 11.332428220051451, 0.0 ] ] ] } },
{ "type": "Feature", "properties": { "Id": 0, "LnType": 1, "LeftLn_FID": 1, "RightLn_FI": 0, "Chieudai": 100.0, "Lytrinh_Ke": "K16+000 ÷ K16+100" }, "geometry": { "type": "MultiLineString", "coordinates": [ [ [ 106.147743733833465, 11.332428220051451, 0.0 ], [ 106.148206464500078, 11.331710387000065, 0.0 ], [ 106.148234732305752, 11.331664814202966, 0.0 ] ] ] } },
{ "type": "Feature", "properties": { "Id": 0, "LnType": 1, "LeftLn_FID": 1, "RightLn_FI": 0, "Chieudai": 100.0, "Lytrinh_Ke": "K15+900 ÷ K16+000" }, "geometry": { "type": "MultiLineString", "coordinates": [ [ [ 106.148234732305752, 11.331664814202966, 0.0 ], [ 106.148445377000058, 11.331325216500073, 0.0 ], [ 106.148716784145606, 11.330895877028144, 0.0 ] ] ] } },
{ "type": "Feature", "properties": { "Id": 0, "LnType": 1, "LeftLn_FID": 1, "RightLn_FI": 0, "Chieudai": 100.0, "Lytrinh_Ke": "K15+800 ÷ K15+900" }, "geometry": { "type": "MultiLineString", "coordinates": [ [ [ 106.148716784145606, 11.330895877028144, 0.0 ], [ 106.148872423000057, 11.330649671000101, 0.0 ], [ 106.148963978500078, 11.330520775000075, 0.0 ], [ 106.149207875259577, 11.330132757227485, 0.0 ] ] ] } },
{ "type": "Feature", "properties": { "Id": 0, "LnType": 1, "LeftLn_FID": 1, "RightLn_FI": 0, "Chieudai": 100.0, "Lytrinh_Ke": "K15+700 ÷ K15+800" }, "geometry": { "type": "MultiLineString", "coordinates": [ [ [ 106.149207875259577, 11.330132757227485, 0.0 ], [ 106.149298848000115, 11.329988027500095, 0.0 ], [ 106.149454787500105, 11.32971662650009, 0.0 ], [ 106.149624527500066, 11.329449351500049, 0.0 ], [ 106.149679806448646, 11.329357923760316, 0.0 ] ] ] } },
{ "type": "Feature", "properties": { "Id": 0, "LnType": 1, "LeftLn_FID": 1, "RightLn_FI": 0, "Chieudai": 100.0, "Lytrinh_Ke": "K15+600 ÷ K15+700" }, "geometry": { "type": "MultiLineString", "coordinates": [ [ [ 106.149679806448646, 11.329357923760316, 0.0 ], [ 106.14973893800007, 11.329260124000054, 0.0 ], [ 106.149775964500066, 11.329196479500048, 0.0 ], [ 106.149821737500091, 11.329145543500037, 0.0 ], [ 106.1498841290001, 11.329063054000052, 0.0 ], [ 106.149933678500048, 11.328999644500055, 0.0 ], [ 106.149977331000073, 11.32895841700007, 0.0 ], [ 106.150021602000095, 11.328917395500044, 0.0 ], [ 106.150024924500059, 11.32891558, 0.0 ], [ 106.150062779000081, 11.328884559000013, 0.0 ], [ 106.15012514600005, 11.328856114500056, 0.0 ], [ 106.150179096500082, 11.328832992000066, 0.0 ], [ 106.150284142000118, 11.328799986500089, 0.0 ], [ 106.150339448123148, 11.328776716337829, 0.0 ] ] ] } },
{ "type": "Feature", "properties": { "Id": 0, "LnType": 1, "LeftLn_FID": 1, "RightLn_FI": 0, "Chieudai": 100.0, "Lytrinh_Ke": "K15+500 ÷ K15+600" }, "geometry": { "type": "MultiLineString", "coordinates": [ [ [ 106.150339448123148, 11.328776716337829, 0.0 ], [ 106.150359522500082, 11.328768270000079, 0.0 ], [ 106.150714160000064, 11.328665202500074, 0.0 ], [ 106.15121538509257, 11.328511998790715, 0.0 ] ] ] } },
{ "type": "Feature", "properties": { "Id": 0, "LnType": 1, "LeftLn_FID": 1, "RightLn_FI": 0, "Chieudai": 100.0, "Lytrinh_Ke": "K15+400 ÷ K15+500" }, "geometry": { "type": "MultiLineString", "coordinates": [ [ [ 106.15121538509257, 11.328511998790715, 0.0 ], [ 106.151698885000044, 11.328364212000038, 0.0 ], [ 106.152088935721864, 11.328239301166205, 0.0 ] ] ] } },
{ "type": "Feature", "properties": { "Id": 0, "LnType": 1, "LeftLn_FID": 1, "RightLn_FI": 0, "Chieudai": 100.0, "Lytrinh_Ke": "K15+300 ÷ K15+400" }, "geometry": { "type": "MultiLineString", "coordinates": [ [ [ 106.152088935721864, 11.328239301166205, 0.0 ], [ 106.152452306000043, 11.328122934000049, 0.0 ], [ 106.1529628020117, 11.327967605950962, 0.0 ] ] ] } },
{ "type": "Feature", "properties": { "Id": 0, "LnType": 1, "LeftLn_FID": 1, "RightLn_FI": 0, "Chieudai": 100.0, "Lytrinh_Ke": "K15+200 ÷ K15+300" }, "geometry": { "type": "MultiLineString", "coordinates": [ [ [ 106.1529628020117, 11.327967605950962, 0.0 ], [ 106.153325071500049, 11.327857378000067, 0.0 ], [ 106.153843259022565, 11.327717831953137, 0.0 ] ] ] } },
{ "type": "Feature", "properties": { "Id": 0, "LnType": 1, "LeftLn_FID": 1, "RightLn_FI": 0, "Chieudai": 100.0, "Lytrinh_Ke": "K15+100 ÷ K15+200" }, "geometry": { "type": "MultiLineString", "coordinates": [ [ [ 106.153843259022565, 11.327717831953137, 0.0 ], [ 106.153944513000056, 11.327690564500047, 0.0 ], [ 106.154483112000065, 11.327535539500069, 0.0 ], [ 106.154719538186569, 11.327454639582651, 0.0 ] ] ] } },
{ "type": "Feature", "properties": { "Id": 0, "LnType": 1, "LeftLn_FID": 1, "RightLn_FI": 0, "Chieudai": 100.0, "Lytrinh_Ke": "K15+000 ÷ K15+100" }, "geometry": { "type": "MultiLineString", "coordinates": [ [ [ 106.154719538186569, 11.327454639582651, 0.0 ], [ 106.155130648500091, 11.32731396600008, 0.0 ], [ 106.155358524500087, 11.327245957500081, 0.0 ], [ 106.155537449000036, 11.327187680500055, 0.0 ], [ 106.155588672773462, 11.3271689639286, 0.0 ] ] ] } },
{ "type": "Feature", "properties": { "Id": 0, "LnType": 1, "LeftLn_FID": 1, "RightLn_FI": 0, "Chieudai": 100.0, "Lytrinh_Ke": "K14+900 ÷ K15+000" }, "geometry": { "type": "MultiLineString", "coordinates": [ [ [ 106.155588672773462, 11.3271689639286, 0.0 ], [ 106.155727303000077, 11.327118310000039, 0.0 ], [ 106.155783307000092, 11.327106206500055, 0.0 ], [ 106.155869215000095, 11.327073205500028, 0.0 ], [ 106.156022056000083, 11.327035453000057, 0.0 ], [ 106.156455300000061, 11.326917164000083, 0.0 ], [ 106.156466812312999, 11.326914571782508, 0.0 ] ] ] } },
{ "type": "Feature", "properties": { "Id": 0, "LnType": 1, "LeftLn_FID": 1, "RightLn_FI": 0, "Chieudai": 100.0, "Lytrinh_Ke": "K14+800 ÷ K14+900" }, "geometry": { "type": "MultiLineString", "coordinates": [ [ [ 106.156466812312999, 11.326914571782508, 0.0 ], [ 106.157360082703775, 11.326713433380123, 0.0 ] ] ] } },
{ "type": "Feature", "properties": { "Id": 0, "LnType": 1, "LeftLn_FID": 1, "RightLn_FI": 0, "Chieudai": 100.0, "Lytrinh_Ke": "K14+700 ÷ K14+800" }, "geometry": { "type": "MultiLineString", "coordinates": [ [ [ 106.157360082703775, 11.326713433380123, 0.0 ], [ 106.157608307000061, 11.326657540000046, 0.0 ], [ 106.158250400460688, 11.326500071540298, 0.0 ] ] ] } },
{ "type": "Feature", "properties": { "Id": 0, "LnType": 1, "LeftLn_FID": 1, "RightLn_FI": 0, "Chieudai": 100.0, "Lytrinh_Ke": "K14+600 ÷ K14+700" }, "geometry": { "type": "MultiLineString", "coordinates": [ [ [ 106.158250400460688, 11.326500071540298, 0.0 ], [ 106.158803279500091, 11.326364481000049, 0.0 ], [ 106.159138954831718, 11.326279556404398, 0.0 ] ] ] } },
{ "type": "Feature", "properties": { "Id": 0, "LnType": 1, "LeftLn_FID": 1, "RightLn_FI": 0, "Chieudai": 100.0, "Lytrinh_Ke": "K14+500 ÷ K14+600" }, "geometry": { "type": "MultiLineString", "coordinates": [ [ [ 106.159138954831718, 11.326279556404398, 0.0 ], [ 106.16001813750006, 11.326057124500075, 0.0 ], [ 106.160026475015641, 11.326055002156187, 0.0 ] ] ] } },
{ "type": "Feature", "properties": { "Id": 0, "LnType": 1, "LeftLn_FID": 1, "RightLn_FI": 0, "Chieudai": 100.0, "Lytrinh_Ke": "K14+400 ÷ K14+500" }, "geometry": { "type": "MultiLineString", "coordinates": [ [ [ 106.160026475015641, 11.326055002156187, 0.0 ], [ 106.160913659841526, 11.325829164653163, 0.0 ] ] ] } },
{ "type": "Feature", "properties": { "Id": 0, "LnType": 1, "LeftLn_FID": 1, "RightLn_FI": 0, "Chieudai": 100.0, "Lytrinh_Ke": "K14+300 ÷ K14+400" }, "geometry": { "type": "MultiLineString", "coordinates": [ [ [ 106.160913659841526, 11.325829164653163, 0.0 ], [ 106.161134842500033, 11.325772861000097, 0.0 ], [ 106.161795917208991, 11.325585486821751, 0.0 ] ] ] } },
{ "type": "Feature", "properties": { "Id": 0, "LnType": 1, "LeftLn_FID": 1, "RightLn_FI": 0, "Chieudai": 100.0, "Lytrinh_Ke": "K14+200 ÷ K14+300" }, "geometry": { "type": "MultiLineString", "coordinates": [ [ [ 106.161795917208991, 11.325585486821751, 0.0 ], [ 106.162059942000056, 11.325510651500066, 0.0 ], [ 106.162678944355363, 11.325344377174249, 0.0 ] ] ] } },
{ "type": "Feature", "properties": { "Id": 0, "LnType": 1, "LeftLn_FID": 1, "RightLn_FI": 0, "Chieudai": 100.0, "Lytrinh_Ke": "K14+100 ÷ K14+200" }, "geometry": { "type": "MultiLineString", "coordinates": [ [ [ 106.162678944355363, 11.325344377174249, 0.0 ], [ 106.163094860000058, 11.325232654500033, 0.0 ], [ 106.163564240865455, 11.325111488699466, 0.0 ] ] ] } },
{ "type": "Feature", "properties": { "Id": 0, "LnType": 1, "LeftLn_FID": 1, "RightLn_FI": 0, "Chieudai": 100.0, "Lytrinh_Ke": "K14+000 ÷ K14+100" }, "geometry": { "type": "MultiLineString", "coordinates": [ [ [ 106.163564240865455, 11.325111488699466, 0.0 ], [ 106.164021816500082, 11.324993369500039, 0.0 ], [ 106.164450092582825, 11.324880636198623, 0.0 ] ] ] } },
{ "type": "Feature", "properties": { "Id": 0, "LnType": 1, "LeftLn_FID": 1, "RightLn_FI": 0, "Chieudai": 100.0, "Lytrinh_Ke": "K13+900 ÷ K14+000" }, "geometry": { "type": "MultiLineString", "coordinates": [ [ [ 106.164450092582825, 11.324880636198623, 0.0 ], [ 106.16491705450008, 11.324757719000019, 0.0 ], [ 106.165334523590687, 11.324644555244197, 0.0 ] ] ] } },
{ "type": "Feature", "properties": { "Id": 0, "LnType": 1, "LeftLn_FID": 1, "RightLn_FI": 0, "Chieudai": 100.0, "Lytrinh_Ke": "K13+800 ÷ K13+900" }, "geometry": { "type": "MultiLineString", "coordinates": [ [ [ 106.165334523590687, 11.324644555244197, 0.0 ], [ 106.165589563500077, 11.324575421000038, 0.0 ], [ 106.166214715151881, 11.32439361271574, 0.0 ] ] ] } },
{ "type": "Feature", "properties": { "Id": 0, "LnType": 1, "LeftLn_FID": 1, "RightLn_FI": 0, "Chieudai": 100.0, "Lytrinh_Ke": "K13+700 ÷ K13+800" }, "geometry": { "type": "MultiLineString", "coordinates": [ [ [ 106.166214715151881, 11.32439361271574, 0.0 ], [ 106.166314546000095, 11.324364579500051, 0.0 ], [ 106.167079434500096, 11.324125947000027, 0.0 ], [ 106.167088973555323, 11.324123184567696, 0.0 ] ] ] } },
{ "type": "Feature", "properties": { "Id": 0, "LnType": 1, "LeftLn_FID": 1, "RightLn_FI": 0, "Chieudai": 100.0, "Lytrinh_Ke": "K13+600 ÷ K13+700" }, "geometry": { "type": "MultiLineString", "coordinates": [ [ [ 106.167088973555323, 11.324123184567696, 0.0 ], [ 106.167968118965291, 11.323868589742581, 0.0 ] ] ] } },
{ "type": "Feature", "properties": { "Id": 0, "LnType": 1, "LeftLn_FID": 1, "RightLn_FI": 0, "Chieudai": 100.0, "Lytrinh_Ke": "K13+500 ÷ K13+600" }, "geometry": { "type": "MultiLineString", "coordinates": [ [ [ 106.167968118965291, 11.323868589742581, 0.0 ], [ 106.168419937000095, 11.323737745000061, 0.0 ], [ 106.168848686440796, 11.323618885757339, 0.0 ] ] ] } },
{ "type": "Feature", "properties": { "Id": 0, "LnType": 1, "LeftLn_FID": 1, "RightLn_FI": 0, "Chieudai": 100.0, "Lytrinh_Ke": "K13+400 ÷ K13+500" }, "geometry": { "type": "MultiLineString", "coordinates": [ [ [ 106.168848686440796, 11.323618885757339, 0.0 ], [ 106.16973075762921, 11.32337435305309, 0.0 ] ] ] } },
{ "type": "Feature", "properties": { "Id": 0, "LnType": 1, "LeftLn_FID": 1, "RightLn_FI": 0, "Chieudai": 100.0, "Lytrinh_Ke": "K13+300 ÷ K13+400" }, "geometry": { "type": "MultiLineString", "coordinates": [ [ [ 106.16973075762921, 11.32337435305309, 0.0 ], [ 106.169756231500074, 11.323367291000103, 0.0 ], [ 106.170608796504823, 11.323116088125669, 0.0 ] ] ] } },
{ "type": "Feature", "properties": { "Id": 0, "LnType": 1, "LeftLn_FID": 1, "RightLn_FI": 0, "Chieudai": 100.0, "Lytrinh_Ke": "K13+200 ÷ K13+300" }, "geometry": { "type": "MultiLineString", "coordinates": [ [ [ 106.170608796504823, 11.323116088125669, 0.0 ], [ 106.171142194000083, 11.322958924500069, 0.0 ], [ 106.171488774097313, 11.322864490124624, 0.0 ] ] ] } },
{ "type": "Feature", "properties": { "Id": 0, "LnType": 1, "LeftLn_FID": 1, "RightLn_FI": 0, "Chieudai": 100.0, "Lytrinh_Ke": "K13+100 ÷ K13+200" }, "geometry": { "type": "MultiLineString", "coordinates": [ [ [ 106.171488774097313, 11.322864490124624, 0.0 ], [ 106.171922436000074, 11.322746327500074, 0.0 ], [ 106.172240241000083, 11.32265415500002, 0.0 ], [ 106.172370761991999, 11.322619823189518, 0.0 ] ] ] } },
{ "type": "Feature", "properties": { "Id": 0, "LnType": 1, "LeftLn_FID": 1, "RightLn_FI": 0, "Chieudai": 100.0, "Lytrinh_Ke": "K13+000 ÷ K13+100" }, "geometry": { "type": "MultiLineString", "coordinates": [ [ [ 106.172370761991999, 11.322619823189518, 0.0 ], [ 106.172701628000056, 11.322532793000041, 0.0 ], [ 106.173254518527614, 11.322381348132003, 0.0 ] ] ] } },
{ "type": "Feature", "properties": { "Id": 0, "LnType": 1, "LeftLn_FID": 1, "RightLn_FI": 0, "Chieudai": 100.0, "Lytrinh_Ke": "K12+900 ÷ K13+000" }, "geometry": { "type": "MultiLineString", "coordinates": [ [ [ 106.173254518527614, 11.322381348132003, 0.0 ], [ 106.173319606500087, 11.322363519500028, 0.0 ], [ 106.174134907852718, 11.322131012312807, 0.0 ] ] ] } },
{ "type": "Feature", "properties": { "Id": 0, "LnType": 1, "LeftLn_FID": 1, "RightLn_FI": 0, "Chieudai": 100.0, "Lytrinh_Ke": "K12+800 ÷ K12+900" }, "geometry": { "type": "MultiLineString", "coordinates": [ [ [ 106.174134907852718, 11.322131012312807, 0.0 ], [ 106.174645667000107, 11.321985353000057, 0.0 ], [ 106.175016666565625, 11.321885498399334, 0.0 ] ] ] } },
{ "type": "Feature", "properties": { "Id": 0, "LnType": 1, "LeftLn_FID": 1, "RightLn_FI": 0, "Chieudai": 100.0, "Lytrinh_Ke": "K12+700 ÷ K12+800" }, "geometry": { "type": "MultiLineString", "coordinates": [ [ [ 106.175016666565625, 11.321885498399334, 0.0 ], [ 106.175381730000083, 11.321787241000051, 0.0 ], [ 106.175896640927107, 11.321634019000321, 0.0 ] ] ] } },
{ "type": "Feature", "properties": { "Id": 0, "LnType": 1, "LeftLn_FID": 1, "RightLn_FI": 0, "Chieudai": 100.0, "Lytrinh_Ke": "K12+600 ÷ K12+700" }, "geometry": { "type": "MultiLineString", "coordinates": [ [ [ 106.175896640927107, 11.321634019000321, 0.0 ], [ 106.176159705500069, 11.321555738500045, 0.0 ], [ 106.176776467339408, 11.321381833562969, 0.0 ] ] ] } },
{ "type": "Feature", "properties": { "Id": 0, "LnType": 1, "LeftLn_FID": 1, "RightLn_FI": 0, "Chieudai": 100.0, "Lytrinh_Ke": "K12+500 ÷ K12+600" }, "geometry": { "type": "MultiLineString", "coordinates": [ [ [ 106.176776467339408, 11.321381833562969, 0.0 ], [ 106.177657418991643, 11.321133433950566, 0.0 ] ] ] } },
{ "type": "Feature", "properties": { "Id": 0, "LnType": 1, "LeftLn_FID": 1, "RightLn_FI": 0, "Chieudai": 100.0, "Lytrinh_Ke": "K12+400 ÷ K12+500" }, "geometry": { "type": "MultiLineString", "coordinates": [ [ [ 106.177657418991643, 11.321133433950566, 0.0 ], [ 106.177991800500038, 11.321039148500013, 0.0 ], [ 106.178539834609438, 11.320890187702986, 0.0 ] ] ] } },
{ "type": "Feature", "properties": { "Id": 0, "LnType": 1, "LeftLn_FID": 1, "RightLn_FI": 0, "Chieudai": 100.0, "Lytrinh_Ke": "K12+300 ÷ K12+400" }, "geometry": { "type": "MultiLineString", "coordinates": [ [ [ 106.178539834609438, 11.320890187702986, 0.0 ], [ 106.178882240500087, 11.320797118000018, 0.0 ], [ 106.179419989745426, 11.320639221461677, 0.0 ] ] ] } },
{ "type": "Feature", "properties": { "Id": 0, "LnType": 1, "LeftLn_FID": 1, "RightLn_FI": 0, "Chieudai": 100.0, "Lytrinh_Ke": "K12+200 ÷ K12+300" }, "geometry": { "type": "MultiLineString", "coordinates": [ [ [ 106.179419989745426, 11.320639221461677, 0.0 ], [ 106.179827636500093, 11.3205195255, 0.0 ], [ 106.180299346504924, 11.320385418457857, 0.0 ] ] ] } },
{ "type": "Feature", "properties": { "Id": 0, "LnType": 1, "LeftLn_FID": 1, "RightLn_FI": 0, "Chieudai": 100.0, "Lytrinh_Ke": "K12+100 ÷ K12+200" }, "geometry": { "type": "MultiLineString", "coordinates": [ [ [ 106.180299346504924, 11.320385418457857, 0.0 ], [ 106.181179741933562, 11.320135119960165, 0.0 ] ] ] } },
{ "type": "Feature", "properties": { "Id": 0, "LnType": 1, "LeftLn_FID": 1, "RightLn_FI": 0, "Chieudai": 100.0, "Lytrinh_Ke": "K12+000 ÷ K12+100" }, "geometry": { "type": "MultiLineString", "coordinates": [ [ [ 106.181179741933562, 11.320135119960165, 0.0 ], [ 106.181841871500097, 11.319946873000063, 0.0 ], [ 106.182058779229067, 11.319880347936557, 0.0 ] ] ] } },
{ "type": "Feature", "properties": { "Id": 0, "LnType": 1, "LeftLn_FID": 1, "RightLn_FI": 0, "Chieudai": 100.0, "Lytrinh_Ke": "K11+900 ÷ K12+000" }, "geometry": { "type": "MultiLineString", "coordinates": [ [ [ 106.182058779229067, 11.319880347936557, 0.0 ], [ 106.182290260500054, 11.319809353000114, 0.0 ], [ 106.18294092119632, 11.319636602921447, 0.0 ] ] ] } },
{ "type": "Feature", "properties": { "Id": 0, "LnType": 1, "LeftLn_FID": 1, "RightLn_FI": 0, "Chieudai": 100.0, "Lytrinh_Ke": "K11+800 ÷ K11+900" }, "geometry": { "type": "MultiLineString", "coordinates": [ [ [ 106.18294092119632, 11.319636602921447, 0.0 ], [ 106.183172829500037, 11.319575031000083, 0.0 ], [ 106.183698494000055, 11.319434363500076, 0.0 ], [ 106.183827516232725, 11.319409828429642, 0.0 ] ] ] } },
{ "type": "Feature", "properties": { "Id": 0, "LnType": 1, "LeftLn_FID": 1, "RightLn_FI": 0, "Chieudai": 100.0, "Lytrinh_Ke": "K11+700 ÷ K11+800" }, "geometry": { "type": "MultiLineString", "coordinates": [ [ [ 106.183827516232725, 11.319409828429642, 0.0 ], [ 106.184120565500081, 11.31935410150005, 0.0 ], [ 106.184389223500062, 11.319294983500036, 0.0 ], [ 106.184638926000076, 11.319248721500038, 0.0 ], [ 106.184724425513821, 11.319226421297136, 0.0 ] ] ] } },
{ "type": "Feature", "properties": { "Id": 0, "LnType": 1, "LeftLn_FID": 1, "RightLn_FI": 0, "Chieudai": 100.0, "Lytrinh_Ke": "K11+600 ÷ K11+700" }, "geometry": { "type": "MultiLineString", "coordinates": [ [ [ 106.184724425513821, 11.319226421297136, 0.0 ], [ 106.185272206500059, 11.319083547000091, 0.0 ], [ 106.185606984500055, 11.31900101800009, 0.0 ], [ 106.185611404164831, 11.318999989680885, 0.0 ] ] ] } },
{ "type": "Feature", "properties": { "Id": 0, "LnType": 1, "LeftLn_FID": 1, "RightLn_FI": 0, "Chieudai": 100.0, "Lytrinh_Ke": "K11+500 ÷ K11+600" }, "geometry": { "type": "MultiLineString", "coordinates": [ [ [ 106.185611404164831, 11.318999989680885, 0.0 ], [ 106.186394701500078, 11.318817739500085, 0.0 ], [ 106.186502631900382, 11.318790431204802, 0.0 ] ] ] } },
{ "type": "Feature", "properties": { "Id": 0, "LnType": 1, "LeftLn_FID": 1, "RightLn_FI": 0, "Chieudai": 100.0, "Lytrinh_Ke": "K11+400 ÷ K11+500" }, "geometry": { "type": "MultiLineString", "coordinates": [ [ [ 106.186502631900382, 11.318790431204802, 0.0 ], [ 106.186925979000065, 11.318683316500085, 0.0 ], [ 106.187390702084528, 11.318568140488525, 0.0 ] ] ] } },
{ "type": "Feature", "properties": { "Id": 0, "LnType": 1, "LeftLn_FID": 1, "RightLn_FI": 0, "Chieudai": 100.0, "Lytrinh_Ke": "K11+300 ÷ K11+400" }, "geometry": { "type": "MultiLineString", "coordinates": [ [ [ 106.187390702084528, 11.318568140488525, 0.0 ], [ 106.188279300951763, 11.318347909739478, 0.0 ] ] ] } },
{ "type": "Feature", "properties": { "Id": 0, "LnType": 1, "LeftLn_FID": 1, "RightLn_FI": 0, "Chieudai": 100.0, "Lytrinh_Ke": "K11+200 ÷ K11+300" }, "geometry": { "type": "MultiLineString", "coordinates": [ [ [ 106.188279300951763, 11.318347909739478, 0.0 ], [ 106.189167898200779, 11.318127676453928, 0.0 ] ] ] } },
{ "type": "Feature", "properties": { "Id": 0, "LnType": 1, "LeftLn_FID": 1, "RightLn_FI": 0, "Chieudai": 100.0, "Lytrinh_Ke": "K11+100 ÷ K11+200" }, "geometry": { "type": "MultiLineString", "coordinates": [ [ [ 106.189167898200779, 11.318127676453928, 0.0 ], [ 106.189483646500079, 11.318049419500086, 0.0 ], [ 106.189969962000077, 11.317912580500046, 0.0 ], [ 106.190052618251769, 11.317893271584971, 0.0 ] ] ] } },
{ "type": "Feature", "properties": { "Id": 0, "LnType": 1, "LeftLn_FID": 1, "RightLn_FI": 0, "Chieudai": 100.0, "Lytrinh_Ke": "K11+000 ÷ K11+100" }, "geometry": { "type": "MultiLineString", "coordinates": [ [ [ 106.190052618251769, 11.317893271584971, 0.0 ], [ 106.190477672000085, 11.317793976500051, 0.0 ], [ 106.190945334579879, 11.317689976173671, 0.0 ] ] ] } },
{ "type": "Feature", "properties": { "Id": 0, "LnType": 1, "LeftLn_FID": 1, "RightLn_FI": 0, "Chieudai": 100.0, "Lytrinh_Ke": "K10+900 ÷ K11+000" }, "geometry": { "type": "MultiLineString", "coordinates": [ [ [ 106.190945334579879, 11.317689976173671, 0.0 ], [ 106.191304033500074, 11.317610207000079, 0.0 ], [ 106.191734248500083, 11.31747937850008, 0.0 ], [ 106.191829791051717, 11.317456485580857, 0.0 ] ] ] } },
{ "type": "Feature", "properties": { "Id": 0, "LnType": 1, "LeftLn_FID": 1, "RightLn_FI": 0, "Chieudai": 100.0, "Lytrinh_Ke": "K10+800 ÷ K10+900" }, "geometry": { "type": "MultiLineString", "coordinates": [ [ [ 106.191829791051717, 11.317456485580857, 0.0 ], [ 106.192720111558927, 11.317243154556792, 0.0 ] ] ] } },
{ "type": "Feature", "properties": { "Id": 0, "LnType": 1, "LeftLn_FID": 1, "RightLn_FI": 0, "Chieudai": 100.0, "Lytrinh_Ke": "K10+700 ÷ K10+800" }, "geometry": { "type": "MultiLineString", "coordinates": [ [ [ 106.192720111558927, 11.317243154556792, 0.0 ], [ 106.193323636000088, 11.317098541500059, 0.0 ], [ 106.193610627688045, 11.317030627582614, 0.0 ] ] ] } },
{ "type": "Feature", "properties": { "Id": 0, "LnType": 1, "LeftLn_FID": 1, "RightLn_FI": 0, "Chieudai": 100.0, "Lytrinh_Ke": "K10+600 ÷ K10+700" }, "geometry": { "type": "MultiLineString", "coordinates": [ [ [ 106.193610627688045, 11.317030627582614, 0.0 ], [ 106.194030460500059, 11.316931277500037, 0.0 ], [ 106.194498791597809, 11.316808971376059, 0.0 ] ] ] } },
{ "type": "Feature", "properties": { "Id": 0, "LnType": 1, "LeftLn_FID": 1, "RightLn_FI": 0, "Chieudai": 100.0, "Lytrinh_Ke": "K10+500 ÷ K10+600" }, "geometry": { "type": "MultiLineString", "coordinates": [ [ [ 106.194498791597809, 11.316808971376059, 0.0 ], [ 106.194966134500021, 11.31668692250007, 0.0 ], [ 106.195386945777599, 11.316587278126111, 0.0 ] ] ] } },
{ "type": "Feature", "properties": { "Id": 0, "LnType": 1, "LeftLn_FID": 1, "RightLn_FI": 0, "Chieudai": 100.0, "Lytrinh_Ke": "K10+400 ÷ K10+500" }, "geometry": { "type": "MultiLineString", "coordinates": [ [ [ 106.195386945777599, 11.316587278126111, 0.0 ], [ 106.195844709500065, 11.316478883000048, 0.0 ], [ 106.196277395673107, 11.316374498205784, 0.0 ] ] ] } },
{ "type": "Feature", "properties": { "Id": 0, "LnType": 1, "LeftLn_FID": 1, "RightLn_FI": 0, "Chieudai": 100.0, "Lytrinh_Ke": "K10+300 ÷ K10+400" }, "geometry": { "type": "MultiLineString", "coordinates": [ [ [ 106.196277395673107, 11.316374498205784, 0.0 ], [ 106.196561411500085, 11.316305979500038, 0.0 ], [ 106.197165203374482, 11.316151299389642, 0.0 ] ] ] } },
{ "type": "Feature", "properties": { "Id": 0, "LnType": 1, "LeftLn_FID": 1, "RightLn_FI": 0, "Chieudai": 100.0, "Lytrinh_Ke": "K10+200 ÷ K10+300" }, "geometry": { "type": "MultiLineString", "coordinates": [ [ [ 106.197165203374482, 11.316151299389642, 0.0 ], [ 106.19757258350009, 11.316046935500049, 0.0 ], [ 106.198050861412881, 11.315919892971118, 0.0 ] ] ] } },
{ "type": "Feature", "properties": { "Id": 0, "LnType": 1, "LeftLn_FID": 1, "RightLn_FI": 0, "Chieudai": 100.0, "Lytrinh_Ke": "K10+100 ÷ K10+200" }, "geometry": { "type": "MultiLineString", "coordinates": [ [ [ 106.198050861412881, 11.315919892971118, 0.0 ], [ 106.198704164500043, 11.315746358000059, 0.0 ], [ 106.198936536479252, 11.315688608648236, 0.0 ] ] ] } },
{ "type": "Feature", "properties": { "Id": 0, "LnType": 1, "LeftLn_FID": 1, "RightLn_FI": 0, "Chieudai": 100.0, "Lytrinh_Ke": "K10+000 ÷ K10+100" }, "geometry": { "type": "MultiLineString", "coordinates": [ [ [ 106.198936536479252, 11.315688608648236, 0.0 ], [ 106.199824978002056, 11.315467810285575, 0.0 ] ] ] } },
{ "type": "Feature", "properties": { "Id": 0, "LnType": 1, "LeftLn_FID": 1, "RightLn_FI": 0, "Chieudai": 100.0, "Lytrinh_Ke": "K9+900 ÷ K10+000" }, "geometry": { "type": "MultiLineString", "coordinates": [ [ [ 106.199824978002056, 11.315467810285575, 0.0 ], [ 106.200068145500012, 11.315407377000076, 0.0 ], [ 106.200715376105066, 11.31525488898991, 0.0 ] ] ] } },
{ "type": "Feature", "properties": { "Id": 0, "LnType": 1, "LeftLn_FID": 1, "RightLn_FI": 0, "Chieudai": 100.0, "Lytrinh_Ke": "K9+800 ÷ K9+900" }, "geometry": { "type": "MultiLineString", "coordinates": [ [ [ 106.200715376105066, 11.31525488898991, 0.0 ], [ 106.201184120500017, 11.315144451500066, 0.0 ], [ 106.201604337129112, 11.315036343327357, 0.0 ] ] ] } },
{ "type": "Feature", "properties": { "Id": 0, "LnType": 1, "LeftLn_FID": 1, "RightLn_FI": 0, "Chieudai": 100.0, "Lytrinh_Ke": "K9+700 ÷ K9+800" }, "geometry": { "type": "MultiLineString", "coordinates": [ [ [ 106.201604337129112, 11.315036343327357, 0.0 ], [ 106.20219057750009, 11.314885521500063, 0.0 ], [ 106.202491137927865, 11.314809226818593, 0.0 ] ] ] } },
{ "type": "Feature", "properties": { "Id": 0, "LnType": 1, "LeftLn_FID": 1, "RightLn_FI": 0, "Chieudai": 100.0, "Lytrinh_Ke": "K9+600 ÷ K9+700" }, "geometry": { "type": "MultiLineString", "coordinates": [ [ [ 106.202491137927865, 11.314809226818593, 0.0 ], [ 106.203378431695256, 11.314583992952308, 0.0 ] ] ] } },
{ "type": "Feature", "properties": { "Id": 0, "LnType": 1, "LeftLn_FID": 1, "RightLn_FI": 0, "Chieudai": 100.0, "Lytrinh_Ke": "K9+500 ÷ K9+600" }, "geometry": { "type": "MultiLineString", "coordinates": [ [ [ 106.203378431695256, 11.314583992952308, 0.0 ], [ 106.203430800000106, 11.314570699500038, 0.0 ], [ 106.20426728443789, 11.314364837464383, 0.0 ] ] ] } },
{ "type": "Feature", "properties": { "Id": 0, "LnType": 1, "LeftLn_FID": 1, "RightLn_FI": 0, "Chieudai": 100.0, "Lytrinh_Ke": "K9+400 ÷ K9+500" }, "geometry": { "type": "MultiLineString", "coordinates": [ [ [ 106.20426728443789, 11.314364837464383, 0.0 ], [ 106.204941973500041, 11.314198792000031, 0.0 ], [ 106.205156298608429, 11.314146319386946, 0.0 ] ] ] } },
{ "type": "Feature", "properties": { "Id": 0, "LnType": 1, "LeftLn_FID": 1, "RightLn_FI": 0, "Chieudai": 100.0, "Lytrinh_Ke": "K9+300 ÷ K9+400" }, "geometry": { "type": "MultiLineString", "coordinates": [ [ [ 106.205156298608429, 11.314146319386946, 0.0 ], [ 106.205712597500025, 11.314010121500068, 0.0 ], [ 106.206007681000017, 11.313915623500067, 0.0 ], [ 106.206039477031439, 11.313907754855794, 0.0 ] ] ] } },
{ "type": "Feature", "properties": { "Id": 0, "LnType": 1, "LeftLn_FID": 1, "RightLn_FI": 0, "Chieudai": 100.0, "Lytrinh_Ke": "K9+200 ÷ K9+300" }, "geometry": { "type": "MultiLineString", "coordinates": [ [ [ 106.206039477031439, 11.313907754855794, 0.0 ], [ 106.206928134385919, 11.313687835053933, 0.0 ] ] ] } },
{ "type": "Feature", "properties": { "Id": 0, "LnType": 1, "LeftLn_FID": 1, "RightLn_FI": 0, "Chieudai": 100.0, "Lytrinh_Ke": "K9+100 ÷ K9+200" }, "geometry": { "type": "MultiLineString", "coordinates": [ [ [ 106.206928134385919, 11.313687835053933, 0.0 ], [ 106.20732090100006, 11.313590634500086, 0.0 ], [ 106.207814543803437, 11.313459387883647, 0.0 ] ] ] } },
{ "type": "Feature", "properties": { "Id": 0, "LnType": 1, "LeftLn_FID": 1, "RightLn_FI": 0, "Chieudai": 100.0, "Lytrinh_Ke": "K9+000 ÷ K9+100" }, "geometry": { "type": "MultiLineString", "coordinates": [ [ [ 106.207814543803437, 11.313459387883647, 0.0 ], [ 106.208699172353406, 11.313224186156686, 0.0 ] ] ] } },
{ "type": "Feature", "properties": { "Id": 0, "LnType": 1, "LeftLn_FID": 1, "RightLn_FI": 0, "Chieudai": 100.0, "Lytrinh_Ke": "K8+900 ÷ K9+000" }, "geometry": { "type": "MultiLineString", "coordinates": [ [ [ 106.208699172353406, 11.313224186156686, 0.0 ], [ 106.208713350500062, 11.313220416500084, 0.0 ], [ 106.209585137481454, 11.312993941447736, 0.0 ] ] ] } },
{ "type": "Feature", "properties": { "Id": 0, "LnType": 1, "LeftLn_FID": 1, "RightLn_FI": 0, "Chieudai": 100.0, "Lytrinh_Ke": "K8+800 ÷ K8+900" }, "geometry": { "type": "MultiLineString", "coordinates": [ [ [ 106.209585137481454, 11.312993941447736, 0.0 ], [ 106.209656483000074, 11.312975407000073, 0.0 ], [ 106.21029504600007, 11.312837854500055, 0.0 ], [ 106.21048254803901, 11.312816097019237, 0.0 ] ] ] } },
{ "type": "Feature", "properties": { "Id": 0, "LnType": 1, "LeftLn_FID": 1, "RightLn_FI": 0, "Chieudai": 100.0, "Lytrinh_Ke": "K8+700 ÷ K8+800" }, "geometry": { "type": "MultiLineString", "coordinates": [ [ [ 106.21048254803901, 11.312816097019237, 0.0 ], [ 106.21049213550009, 11.312814984500086, 0.0 ], [ 106.210859097000082, 11.312734713500053, 0.0 ], [ 106.211030025500079, 11.312681918000031, 0.0 ], [ 106.21111956550007, 11.312670882000045, 0.0 ], [ 106.211219878000065, 11.312636172500053, 0.0 ], [ 106.211309612500031, 11.312621807000074, 0.0 ], [ 106.211366546115727, 11.312650869484226, 0.0 ] ] ] } },
{ "type": "Feature", "properties": { "Id": 0, "LnType": 1, "LeftLn_FID": 1, "RightLn_FI": 0, "Chieudai": 100.0, "Lytrinh_Ke": "K8+600 ÷ K8+700" }, "geometry": { "type": "MultiLineString", "coordinates": [ [ [ 106.211366546115727, 11.312650869484226, 0.0 ], [ 106.211372957000037, 11.312654142000095, 0.0 ], [ 106.211434390000079, 11.312656988500063, 0.0 ], [ 106.211479897500055, 11.312672442000043, 0.0 ], [ 106.211538020000063, 11.312720079500039, 0.0 ], [ 106.211739013000084, 11.312925455000062, 0.0 ], [ 106.212011763407702, 11.313259202996534, 0.0 ] ] ] } },
{ "type": "Feature", "properties": { "Id": 0, "LnType": 1, "LeftLn_FID": 1, "RightLn_FI": 0, "Chieudai": 100.0, "Lytrinh_Ke": "K8+500 ÷ K8+600" }, "geometry": { "type": "MultiLineString", "coordinates": [ [ [ 106.212011763407702, 11.313259202996534, 0.0 ], [ 106.212463585000108, 11.31381206700007, 0.0 ], [ 106.212582907316445, 11.313966118452095, 0.0 ] ] ] } },
{ "type": "Feature", "properties": { "Id": 0, "LnType": 1, "LeftLn_FID": 1, "RightLn_FI": 0, "Chieudai": 100.0, "Lytrinh_Ke": "K8+400 ÷ K8+500" }, "geometry": { "type": "MultiLineString", "coordinates": [ [ [ 106.212582907316445, 11.313966118452095, 0.0 ], [ 106.213139309250124, 11.314684459852915, 0.0 ] ] ] } },
{ "type": "Feature", "properties": { "Id": 0, "LnType": 1, "LeftLn_FID": 1, "RightLn_FI": 0, "Chieudai": 100.0, "Lytrinh_Ke": "K8+300 ÷ K8+400" }, "geometry": { "type": "MultiLineString", "coordinates": [ [ [ 106.213139309250124, 11.314684459852915, 0.0 ], [ 106.213364743000085, 11.314975504125043, 0.0 ], [ 106.21370526511096, 11.31539542662296, 0.0 ] ] ] } },
{ "type": "Feature", "properties": { "Id": 0, "LnType": 1, "LeftLn_FID": 1, "RightLn_FI": 0, "Chieudai": 100.0, "Lytrinh_Ke": "K8+200 ÷ K8+300" }, "geometry": { "type": "MultiLineString", "coordinates": [ [ [ 106.21370526511096, 11.31539542662296, 0.0 ], [ 106.214277729363303, 11.316101369823716, 0.0 ] ] ] } },
{ "type": "Feature", "properties": { "Id": 0, "LnType": 1, "LeftLn_FID": 1, "RightLn_FI": 0, "Chieudai": 100.0, "Lytrinh_Ke": "K8+100 ÷ K8+200" }, "geometry": { "type": "MultiLineString", "coordinates": [ [ [ 106.214277729363303, 11.316101369823716, 0.0 ], [ 106.214475298500076, 11.316345004125047, 0.0 ], [ 106.214775684500069, 11.316732816500036, 0.0 ], [ 106.214844348999335, 11.316811694468109, 0.0 ] ] ] } },
{ "type": "Feature", "properties": { "Id": 0, "LnType": 1, "LeftLn_FID": 1, "RightLn_FI": 0, "Chieudai": 100.0, "Lytrinh_Ke": "K8+000 ÷ K8+100" }, "geometry": { "type": "MultiLineString", "coordinates": [ [ [ 106.214844348999335, 11.316811694468109, 0.0 ], [ 106.215163217000082, 11.317177991500046, 0.0 ], [ 106.21542938325743, 11.317507335092484, 0.0 ] ] ] } },
{ "type": "Feature", "properties": { "Id": 0, "LnType": 1, "LeftLn_FID": 1, "RightLn_FI": 0, "Chieudai": 100.0, "Lytrinh_Ke": "K7+900 ÷ K8+000" }, "geometry": { "type": "MultiLineString", "coordinates": [ [ [ 106.21542938325743, 11.317507335092484, 0.0 ], [ 106.216000665162085, 11.318214213061804, 0.0 ] ] ] } },
{ "type": "Feature", "properties": { "Id": 0, "LnType": 1, "LeftLn_FID": 1, "RightLn_FI": 0, "Chieudai": 100.0, "Lytrinh_Ke": "K7+800 ÷ K7+900" }, "geometry": { "type": "MultiLineString", "coordinates": [ [ [ 106.216000665162085, 11.318214213061804, 0.0 ], [ 106.216571949938114, 11.318921089604865, 0.0 ] ] ] } },
{ "type": "Feature", "properties": { "Id": 0, "LnType": 1, "LeftLn_FID": 1, "RightLn_FI": 0, "Chieudai": 100.0, "Lytrinh_Ke": "K7+700 ÷ K7+800" }, "geometry": { "type": "MultiLineString", "coordinates": [ [ [ 106.216571949938114, 11.318921089604865, 0.0 ], [ 106.216921808500047, 11.319353983000067, 0.0 ], [ 106.217142428487406, 11.319628599709031, 0.0 ] ] ] } },
{ "type": "Feature", "properties": { "Id": 0, "LnType": 1, "LeftLn_FID": 1, "RightLn_FI": 0, "Chieudai": 100.0, "Lytrinh_Ke": "K7+600 ÷ K7+700" }, "geometry": { "type": "MultiLineString", "coordinates": [ [ [ 106.217142428487406, 11.319628599709031, 0.0 ], [ 106.217694954000081, 11.320316352500058, 0.0 ], [ 106.217711754067523, 11.320337015215888, 0.0 ] ] ] } },
{ "type": "Feature", "properties": { "Id": 0, "LnType": 1, "LeftLn_FID": 1, "RightLn_FI": 0, "Chieudai": 100.0, "Lytrinh_Ke": "K7+500 ÷ K7+600" }, "geometry": { "type": "MultiLineString", "coordinates": [ [ [ 106.217711754067523, 11.320337015215888, 0.0 ], [ 106.218285142313391, 11.32104223354008, 0.0 ] ] ] } },
{ "type": "Feature", "properties": { "Id": 0, "LnType": 1, "LeftLn_FID": 1, "RightLn_FI": 0, "Chieudai": 100.0, "Lytrinh_Ke": "K7+400 ÷ K7+500" }, "geometry": { "type": "MultiLineString", "coordinates": [ [ [ 106.218285142313391, 11.32104223354008, 0.0 ], [ 106.218858533433448, 11.321747450428822, 0.0 ] ] ] } },
{ "type": "Feature", "properties": { "Id": 0, "LnType": 1, "LeftLn_FID": 1, "RightLn_FI": 0, "Chieudai": 100.0, "Lytrinh_Ke": "K7+300 ÷ K7+400" }, "geometry": { "type": "MultiLineString", "coordinates": [ [ [ 106.218858533433448, 11.321747450428822, 0.0 ], [ 106.219431927427962, 11.322452665881908, 0.0 ] ] ] } },
{ "type": "Feature", "properties": { "Id": 0, "LnType": 1, "LeftLn_FID": 1, "RightLn_FI": 0, "Chieudai": 100.0, "Lytrinh_Ke": "K7+200 ÷ K7+300" }, "geometry": { "type": "MultiLineString", "coordinates": [ [ [ 106.219431927427962, 11.322452665881908, 0.0 ], [ 106.220005324297105, 11.32315787989911, 0.0 ] ] ] } },
{ "type": "Feature", "properties": { "Id": 0, "LnType": 1, "LeftLn_FID": 1, "RightLn_FI": 0, "Chieudai": 100.0, "Lytrinh_Ke": "K7+100 ÷ K7+200" }, "geometry": { "type": "MultiLineString", "coordinates": [ [ [ 106.220005324297105, 11.32315787989911, 0.0 ], [ 106.220578724041118, 11.323863092480215, 0.0 ] ] ] } },
{ "type": "Feature", "properties": { "Id": 0, "LnType": 1, "LeftLn_FID": 1, "RightLn_FI": 0, "Chieudai": 100.0, "Lytrinh_Ke": "K7+000 ÷ K7+100" }, "geometry": { "type": "MultiLineString", "coordinates": [ [ [ 106.220578724041118, 11.323863092480215, 0.0 ], [ 106.221152126660215, 11.324568303625014, 0.0 ] ] ] } },
{ "type": "Feature", "properties": { "Id": 0, "LnType": 1, "LeftLn_FID": 1, "RightLn_FI": 0, "Chieudai": 100.0, "Lytrinh_Ke": "K6+900 ÷ K7+000" }, "geometry": { "type": "MultiLineString", "coordinates": [ [ [ 106.221152126660215, 11.324568303625014, 0.0 ], [ 106.221725532154622, 11.325273513333292, 0.0 ] ] ] } },
{ "type": "Feature", "properties": { "Id": 0, "LnType": 1, "LeftLn_FID": 1, "RightLn_FI": 0, "Chieudai": 100.0, "Lytrinh_Ke": "K6+800 ÷ K6+900" }, "geometry": { "type": "MultiLineString", "coordinates": [ [ [ 106.221725532154622, 11.325273513333292, 0.0 ], [ 106.222298940524524, 11.325978721604832, 0.0 ] ] ] } },
{ "type": "Feature", "properties": { "Id": 0, "LnType": 1, "LeftLn_FID": 1, "RightLn_FI": 0, "Chieudai": 100.0, "Lytrinh_Ke": "K6+700 ÷ K6+800" }, "geometry": { "type": "MultiLineString", "coordinates": [ [ [ 106.222298940524524, 11.325978721604832, 0.0 ], [ 106.222872351770206, 11.326683928439421, 0.0 ] ] ] } },
{ "type": "Feature", "properties": { "Id": 0, "LnType": 1, "LeftLn_FID": 1, "RightLn_FI": 0, "Chieudai": 100.0, "Lytrinh_Ke": "K6+600 ÷ K6+700" }, "geometry": { "type": "MultiLineString", "coordinates": [ [ [ 106.222872351770206, 11.326683928439421, 0.0 ], [ 106.222964041000068, 11.326796691500064, 0.0 ], [ 106.223449640617375, 11.327386044996004, 0.0 ] ] ] } },
{ "type": "Feature", "properties": { "Id": 0, "LnType": 1, "LeftLn_FID": 1, "RightLn_FI": 0, "Chieudai": 100.0, "Lytrinh_Ke": "K6+500 ÷ K6+600" }, "geometry": { "type": "MultiLineString", "coordinates": [ [ [ 106.223449640617375, 11.327386044996004, 0.0 ], [ 106.223516978000035, 11.327467769500085, 0.0 ], [ 106.22403175555749, 11.328084271619311, 0.0 ] ] ] } },
{ "type": "Feature", "properties": { "Id": 0, "LnType": 1, "LeftLn_FID": 1, "RightLn_FI": 0, "Chieudai": 100.0, "Lytrinh_Ke": "K6+400 ÷ K6+500" }, "geometry": { "type": "MultiLineString", "coordinates": [ [ [ 106.22403175555749, 11.328084271619311, 0.0 ], [ 106.22416103900008, 11.32823910200004, 0.0 ], [ 106.224593654825384, 11.328798312219247, 0.0 ] ] ] } },
{ "type": "Feature", "properties": { "Id": 0, "LnType": 1, "LeftLn_FID": 1, "RightLn_FI": 0, "Chieudai": 100.0, "Lytrinh_Ke": "K6+300 ÷ K6+400" }, "geometry": { "type": "MultiLineString", "coordinates": [ [ [ 106.224593654825384, 11.328798312219247, 0.0 ], [ 106.224660096000065, 11.328884195500031, 0.0 ], [ 106.225173594319543, 11.329498215659678, 0.0 ] ] ] } },
{ "type": "Feature", "properties": { "Id": 0, "LnType": 1, "LeftLn_FID": 1, "RightLn_FI": 0, "Chieudai": 100.0, "Lytrinh_Ke": "K6+200 ÷ K6+300" }, "geometry": { "type": "MultiLineString", "coordinates": [ [ [ 106.225173594319543, 11.329498215659678, 0.0 ], [ 106.22523184150009, 11.329567865000071, 0.0 ], [ 106.225683264500049, 11.330132708000042, 0.0 ], [ 106.225742505646849, 11.330206941541503, 0.0 ] ] ] } },
{ "type": "Feature", "properties": { "Id": 0, "LnType": 1, "LeftLn_FID": 1, "RightLn_FI": 0, "Chieudai": 100.0, "Lytrinh_Ke": "K6+100 ÷ K6+200" }, "geometry": { "type": "MultiLineString", "coordinates": [ [ [ 106.225742505646849, 11.330206941541503, 0.0 ], [ 106.226200861500061, 11.330781293500053, 0.0 ], [ 106.226310605005011, 11.3309163209072, 0.0 ] ] ] } },
{ "type": "Feature", "properties": { "Id": 0, "LnType": 1, "LeftLn_FID": 1, "RightLn_FI": 0, "Chieudai": 100.0, "Lytrinh_Ke": "K6+000 ÷ K6+100" }, "geometry": { "type": "MultiLineString", "coordinates": [ [ [ 106.226310605005011, 11.3309163209072, 0.0 ], [ 106.226883865773033, 11.331621652760042, 0.0 ] ] ] } },
{ "type": "Feature", "properties": { "Id": 0, "LnType": 1, "LeftLn_FID": 1, "RightLn_FI": 0, "Chieudai": 100.0, "Lytrinh_Ke": "K5+900 ÷ K6+000" }, "geometry": { "type": "MultiLineString", "coordinates": [ [ [ 106.226883865773033, 11.331621652760042, 0.0 ], [ 106.227457129418397, 11.332326983174895, 0.0 ] ] ] } },
{ "type": "Feature", "properties": { "Id": 0, "LnType": 1, "LeftLn_FID": 1, "RightLn_FI": 0, "Chieudai": 100.0, "Lytrinh_Ke": "K5+800 ÷ K5+900" }, "geometry": { "type": "MultiLineString", "coordinates": [ [ [ 106.227457129418397, 11.332326983174895, 0.0 ], [ 106.227649062000069, 11.332563131500041, 0.0 ], [ 106.228033933109757, 11.333029490875397, 0.0 ] ] ] } },
{ "type": "Feature", "properties": { "Id": 0, "LnType": 1, "LeftLn_FID": 1, "RightLn_FI": 0, "Chieudai": 100.0, "Lytrinh_Ke": "K5+700 ÷ K5+800" }, "geometry": { "type": "MultiLineString", "coordinates": [ [ [ 106.228033933109757, 11.333029490875397, 0.0 ], [ 106.22806767600008, 11.333070378000059, 0.0 ], [ 106.228604694981428, 11.333736791805055, 0.0 ] ] ] } },
{ "type": "Feature", "properties": { "Id": 0, "LnType": 1, "LeftLn_FID": 1, "RightLn_FI": 0, "Chieudai": 100.0, "Lytrinh_Ke": "K5+600 ÷ K5+700" }, "geometry": { "type": "MultiLineString", "coordinates": [ [ [ 106.228604694981428, 11.333736791805055, 0.0 ], [ 106.229013500000065, 11.334244095500049, 0.0 ], [ 106.229173932446557, 11.334445290168228, 0.0 ] ] ] } },
{ "type": "Feature", "properties": { "Id": 0, "LnType": 1, "LeftLn_FID": 1, "RightLn_FI": 0, "Chieudai": 100.0, "Lytrinh_Ke": "K5+500 ÷ K5+600" }, "geometry": { "type": "MultiLineString", "coordinates": [ [ [ 106.229173932446557, 11.334445290168228, 0.0 ], [ 106.229664532500081, 11.335060538000073, 0.0 ], [ 106.229745695520194, 11.335151608422123, 0.0 ] ] ] } },
{ "type": "Feature", "properties": { "Id": 0, "LnType": 1, "LeftLn_FID": 1, "RightLn_FI": 0, "Chieudai": 100.0, "Lytrinh_Ke": "K5+400 ÷ K5+500" }, "geometry": { "type": "MultiLineString", "coordinates": [ [ [ 106.229745695520194, 11.335151608422123, 0.0 ], [ 106.229862485000069, 11.335282654000075, 0.0 ], [ 106.229976569500053, 11.335409303500066, 0.0 ], [ 106.23013631200007, 11.335643531500072, 0.0 ], [ 106.230142303000079, 11.33564702500008, 0.0 ], [ 106.23022132300008, 11.335743884000074, 0.0 ], [ 106.230224580000097, 11.335747440000056, 0.0 ], [ 106.230283818000061, 11.335852645500085, 0.0 ], [ 106.230293034427774, 11.335872131926815, 0.0 ] ] ] } },
{ "type": "Feature", "properties": { "Id": 0, "LnType": 1, "LeftLn_FID": 1, "RightLn_FI": 0, "Chieudai": 100.0, "Lytrinh_Ke": "K5+300 ÷ K5+400" }, "geometry": { "type": "MultiLineString", "coordinates": [ [ [ 106.230293034427774, 11.335872131926815, 0.0 ], [ 106.230335964000062, 11.335962898500053, 0.0 ], [ 106.230339832000084, 11.335970483500018, 0.0 ], [ 106.230400390000085, 11.336164556500005, 0.0 ], [ 106.230441722500032, 11.336274336500033, 0.0 ], [ 106.230464934500048, 11.336384532000059, 0.0 ], [ 106.230537874682042, 11.336740110613578, 0.0 ] ] ] } },
{ "type": "Feature", "properties": { "Id": 0, "LnType": 1, "LeftLn_FID": 1, "RightLn_FI": 0, "Chieudai": 100.0, "Lytrinh_Ke": "K5+200 ÷ K5+300" }, "geometry": { "type": "MultiLineString", "coordinates": [ [ [ 106.230537874682042, 11.336740110613578, 0.0 ], [ 106.230719663362976, 11.337626313552938, 0.0 ] ] ] } },
{ "type": "Feature", "properties": { "Id": 0, "LnType": 1, "LeftLn_FID": 1, "RightLn_FI": 0, "Chieudai": 100.0, "Lytrinh_Ke": "K5+100 ÷ K5+200" }, "geometry": { "type": "MultiLineString", "coordinates": [ [ [ 106.230719663362976, 11.337626313552938, 0.0 ], [ 106.230735295000031, 11.337702516000039, 0.0 ], [ 106.230889072816282, 11.338514893845803, 0.0 ] ] ] } },
{ "type": "Feature", "properties": { "Id": 0, "LnType": 1, "LeftLn_FID": 1, "RightLn_FI": 0, "Chieudai": 100.0, "Lytrinh_Ke": "K5+000 ÷ K5+100" }, "geometry": { "type": "MultiLineString", "coordinates": [ [ [ 106.230889072816282, 11.338514893845803, 0.0 ], [ 106.231046025000069, 11.339344035000057, 0.0 ], [ 106.231057773065459, 11.339403612088068, 0.0 ] ] ] } },
{ "type": "Feature", "properties": { "Id": 0, "LnType": 1, "LeftLn_FID": 1, "RightLn_FI": 0, "Chieudai": 100.0, "Lytrinh_Ke": "K4+900 ÷ K5+000" }, "geometry": { "type": "MultiLineString", "coordinates": [ [ [ 106.231057773065459, 11.339403612088068, 0.0 ], [ 106.231232786773234, 11.340291142222741, 0.0 ] ] ] } },
{ "type": "Feature", "properties": { "Id": 0, "LnType": 1, "LeftLn_FID": 1, "RightLn_FI": 0, "Chieudai": 100.0, "Lytrinh_Ke": "K4+800 ÷ K4+900" }, "geometry": { "type": "MultiLineString", "coordinates": [ [ [ 106.231232786773234, 11.340291142222741, 0.0 ], [ 106.231253447500094, 11.340395916500039, 0.0 ], [ 106.231436321637148, 11.341172666351142, 0.0 ] ] ] } },
{ "type": "Feature", "properties": { "Id": 0, "LnType": 1, "LeftLn_FID": 1, "RightLn_FI": 0, "Chieudai": 100.0, "Lytrinh_Ke": "K4+700 ÷ K4+800" }, "geometry": { "type": "MultiLineString", "coordinates": [ [ [ 106.231436321637148, 11.341172666351142, 0.0 ], [ 106.231544127500072, 11.341630564500054, 0.0 ], [ 106.231639779285359, 11.34205426117977, 0.0 ] ] ] } },
{ "type": "Feature", "properties": { "Id": 0, "LnType": 1, "LeftLn_FID": 1, "RightLn_FI": 0, "Chieudai": 100.0, "Lytrinh_Ke": "K4+600 ÷ K4+700" }, "geometry": { "type": "MultiLineString", "coordinates": [ [ [ 106.231639779285359, 11.34205426117977, 0.0 ], [ 106.231839019012256, 11.34293680318406, 0.0 ] ] ] } },
{ "type": "Feature", "properties": { "Id": 0, "LnType": 1, "LeftLn_FID": 1, "RightLn_FI": 0, "Chieudai": 100.0, "Lytrinh_Ke": "K4+500 ÷ K4+600" }, "geometry": { "type": "MultiLineString", "coordinates": [ [ [ 106.231839019012256, 11.34293680318406, 0.0 ], [ 106.231932895000085, 11.343352629000039, 0.0 ], [ 106.232031138918344, 11.343820855118528, 0.0 ] ] ] } },
{ "type": "Feature", "properties": { "Id": 0, "LnType": 1, "LeftLn_FID": 1, "RightLn_FI": 0, "Chieudai": 100.0, "Lytrinh_Ke": "K4+400 ÷ K4+500" }, "geometry": { "type": "MultiLineString", "coordinates": [ [ [ 106.232031138918344, 11.343820855118528, 0.0 ], [ 106.232216915446386, 11.344706252327468, 0.0 ] ] ] } },
{ "type": "Feature", "properties": { "Id": 0, "LnType": 1, "LeftLn_FID": 1, "RightLn_FI": 0, "Chieudai": 100.0, "Lytrinh_Ke": "K4+300 ÷ K4+400" }, "geometry": { "type": "MultiLineString", "coordinates": [ [ [ 106.232216915446386, 11.344706252327468, 0.0 ], [ 106.232402693399337, 11.345591649248162, 0.0 ] ] ] } },
{ "type": "Feature", "properties": { "Id": 0, "LnType": 1, "LeftLn_FID": 1, "RightLn_FI": 0, "Chieudai": 100.0, "Lytrinh_Ke": "K4+200 ÷ K4+300" }, "geometry": { "type": "MultiLineString", "coordinates": [ [ [ 106.232402693399337, 11.345591649248162, 0.0 ], [ 106.232418450500063, 11.345666745500012, 0.0 ], [ 106.232599517057821, 11.346474712580921, 0.0 ] ] ] } },
{ "type": "Feature", "properties": { "Id": 0, "LnType": 1, "LeftLn_FID": 1, "RightLn_FI": 0, "Chieudai": 100.0, "Lytrinh_Ke": "K4+100 ÷ K4+200" }, "geometry": { "type": "MultiLineString", "coordinates": [ [ [ 106.232599517057821, 11.346474712580921, 0.0 ], [ 106.232797365757335, 11.347357559360244, 0.0 ] ] ] } },
{ "type": "Feature", "properties": { "Id": 0, "LnType": 1, "LeftLn_FID": 1, "RightLn_FI": 0, "Chieudai": 100.0, "Lytrinh_Ke": "K4+000 ÷ K4+100" }, "geometry": { "type": "MultiLineString", "coordinates": [ [ [ 106.232797365757335, 11.347357559360244, 0.0 ], [ 106.232846253000034, 11.347575704500029, 0.0 ], [ 106.232986379130097, 11.348242274451762, 0.0 ] ] ] } },
{ "type": "Feature", "properties": { "Id": 0, "LnType": 1, "LeftLn_FID": 1, "RightLn_FI": 0, "Chieudai": 100.0, "Lytrinh_Ke": "K3+900 ÷ K4+000" }, "geometry": { "type": "MultiLineString", "coordinates": [ [ [ 106.232986379130097, 11.348242274451762, 0.0 ], [ 106.233164283500059, 11.349088547000074, 0.0 ], [ 106.233171175717345, 11.349127849890339, 0.0 ] ] ] } },
{ "type": "Feature", "properties": { "Id": 0, "LnType": 1, "LeftLn_FID": 1, "RightLn_FI": 0, "Chieudai": 100.0, "Lytrinh_Ke": "K3+800 ÷ K3+900" }, "geometry": { "type": "MultiLineString", "coordinates": [ [ [ 106.233171175717345, 11.349127849890339, 0.0 ], [ 106.233231285500096, 11.349470625500064, 0.0 ], [ 106.233304865000093, 11.349759702500048, 0.0 ], [ 106.233321552500058, 11.349911807000062, 0.0 ], [ 106.233352179841035, 11.35001263217562, 0.0 ] ] ] } },
{ "type": "Feature", "properties": { "Id": 0, "LnType": 1, "LeftLn_FID": 1, "RightLn_FI": 0, "Chieudai": 100.0, "Lytrinh_Ke": "K3+700 ÷ K3+800" }, "geometry": { "type": "MultiLineString", "coordinates": [ [ [ 106.233352179841035, 11.35001263217562, 0.0 ], [ 106.233375582000093, 11.350089672000085, 0.0 ], [ 106.233548346420747, 11.350895587646606, 0.0 ] ] ] } },
{ "type": "Feature", "properties": { "Id": 0, "LnType": 1, "LeftLn_FID": 1, "RightLn_FI": 0, "Chieudai": 100.0, "Lytrinh_Ke": "K3+600 ÷ K3+700" }, "geometry": { "type": "MultiLineString", "coordinates": [ [ [ 106.233548346420747, 11.350895587646606, 0.0 ], [ 106.233631707000058, 11.351284448000085, 0.0 ], [ 106.233735866591587, 11.351780624857037, 0.0 ] ] ] } },
{ "type": "Feature", "properties": { "Id": 0, "LnType": 1, "LeftLn_FID": 1, "RightLn_FI": 0, "Chieudai": 100.0, "Lytrinh_Ke": "K3+500 ÷ K3+600" }, "geometry": { "type": "MultiLineString", "coordinates": [ [ [ 106.233735866591587, 11.351780624857037, 0.0 ], [ 106.233737378500038, 11.351787827000075, 0.0 ], [ 106.233889822000037, 11.352510267000085, 0.0 ], [ 106.233924743070503, 11.352665371288568, 0.0 ] ] ] } },
{ "type": "Feature", "properties": { "Id": 0, "LnType": 1, "LeftLn_FID": 1, "RightLn_FI": 0, "Chieudai": 100.0, "Lytrinh_Ke": "K3+400 ÷ K3+500" }, "geometry": { "type": "MultiLineString", "coordinates": [ [ [ 106.233924743070503, 11.352665371288568, 0.0 ], [ 106.234123469968566, 11.353548026105637, 0.0 ] ] ] } },
{ "type": "Feature", "properties": { "Id": 0, "LnType": 1, "LeftLn_FID": 1, "RightLn_FI": 0, "Chieudai": 100.0, "Lytrinh_Ke": "K3+300 ÷ K3+400" }, "geometry": { "type": "MultiLineString", "coordinates": [ [ [ 106.234123469968566, 11.353548026105637, 0.0 ], [ 106.234165655000027, 11.353735392000061, 0.0 ], [ 106.234317869756381, 11.354431615845785, 0.0 ] ] ] } },
{ "type": "Feature", "properties": { "Id": 0, "LnType": 1, "LeftLn_FID": 1, "RightLn_FI": 0, "Chieudai": 100.0, "Lytrinh_Ke": "K3+200 ÷ K3+300" }, "geometry": { "type": "MultiLineString", "coordinates": [ [ [ 106.234317869756381, 11.354431615845785, 0.0 ], [ 106.234425944500032, 11.354925942500053, 0.0 ], [ 106.234460200000029, 11.355053163000019, 0.0 ], [ 106.234485423000024, 11.355146161000032, 0.0 ], [ 106.234517430412808, 11.355313782134917, 0.0 ] ] ] } },
{ "type": "Feature", "properties": { "Id": 0, "LnType": 1, "LeftLn_FID": 1, "RightLn_FI": 0, "Chieudai": 100.0, "Lytrinh_Ke": "K3+100 ÷ K3+200" }, "geometry": { "type": "MultiLineString", "coordinates": [ [ [ 106.234517430412808, 11.355313782134917, 0.0 ], [ 106.234559707000045, 11.355535182000018, 0.0 ], [ 106.234699539076843, 11.356199891703969, 0.0 ] ] ] } },
{ "type": "Feature", "properties": { "Id": 0, "LnType": 1, "LeftLn_FID": 1, "RightLn_FI": 0, "Chieudai": 100.0, "Lytrinh_Ke": "K3+000 ÷ K3+100" }, "geometry": { "type": "MultiLineString", "coordinates": [ [ [ 106.234699539076843, 11.356199891703969, 0.0 ], [ 106.234885777644038, 11.35708519440832, 0.0 ] ] ] } },
{ "type": "Feature", "properties": { "Id": 0, "LnType": 1, "LeftLn_FID": 1, "RightLn_FI": 0, "Chieudai": 100.0, "Lytrinh_Ke": "K2+900 ÷ K3+000" }, "geometry": { "type": "MultiLineString", "coordinates": [ [ [ 106.234885777644038, 11.35708519440832, 0.0 ], [ 106.235026807500063, 11.357755588500007, 0.0 ], [ 106.235071940971849, 11.357970512514013, 0.0 ] ] ] } },
{ "type": "Feature", "properties": { "Id": 0, "LnType": 1, "LeftLn_FID": 1, "RightLn_FI": 0, "Chieudai": 100.0, "Lytrinh_Ke": "K2+800 ÷ K2+900" }, "geometry": { "type": "MultiLineString", "coordinates": [ [ [ 106.235071940971849, 11.357970512514013, 0.0 ], [ 106.235165405500055, 11.35841558600003, 0.0 ], [ 106.23519720600008, 11.358587144000023, 0.0 ], [ 106.235247906000069, 11.358770214000037, 0.0 ], [ 106.23526091124036, 11.358854704917441, 0.0 ] ] ] } },
{ "type": "Feature", "properties": { "Id": 0, "LnType": 1, "LeftLn_FID": 1, "RightLn_FI": 0, "Chieudai": 100.0, "Lytrinh_Ke": "K2+700 ÷ K2+800" }, "geometry": { "type": "MultiLineString", "coordinates": [ [ [ 106.23526091124036, 11.358854704917441, 0.0 ], [ 106.235271854000032, 11.358925796500015, 0.0 ], [ 106.235317042000048, 11.359152533500037, 0.0 ], [ 106.235360058000055, 11.359294139500028, 0.0 ], [ 106.23537631100001, 11.359390636500029, 0.0 ], [ 106.235413671500055, 11.359606719000015, 0.0 ], [ 106.235444937649021, 11.359739514556457, 0.0 ] ] ] } },
{ "type": "Feature", "properties": { "Id": 0, "LnType": 1, "LeftLn_FID": 1, "RightLn_FI": 0, "Chieudai": 100.0, "Lytrinh_Ke": "K2+600 ÷ K2+700" }, "geometry": { "type": "MultiLineString", "coordinates": [ [ [ 106.235444937649021, 11.359739514556457, 0.0 ], [ 106.235453896000053, 11.359777563000065, 0.0 ], [ 106.235473738500048, 11.359845187000069, 0.0 ], [ 106.235498923500046, 11.359932296000048, 0.0 ], [ 106.235535482000046, 11.360094107500013, 0.0 ], [ 106.235651437780916, 11.360620150950517, 0.0 ] ] ] } },
{ "type": "Feature", "properties": { "Id": 0, "LnType": 1, "LeftLn_FID": 1, "RightLn_FI": 0, "Chieudai": 100.0, "Lytrinh_Ke": "K2+500 ÷ K2+600" }, "geometry": { "type": "MultiLineString", "coordinates": [ [ [ 106.235651437780916, 11.360620150950517, 0.0 ], [ 106.235846192621139, 11.361503667572114, 0.0 ] ] ] } },
{ "type": "Feature", "properties": { "Id": 0, "LnType": 1, "LeftLn_FID": 1, "RightLn_FI": 0, "Chieudai": 100.0, "Lytrinh_Ke": "K2+400 ÷ K2+500" }, "geometry": { "type": "MultiLineString", "coordinates": [ [ [ 106.235846192621139, 11.361503667572114, 0.0 ], [ 106.236026700000068, 11.362322543500071, 0.0 ], [ 106.23603455378597, 11.362388239843991, 0.0 ] ] ] } },
{ "type": "Feature", "properties": { "Id": 0, "LnType": 1, "LeftLn_FID": 1, "RightLn_FI": 0, "Chieudai": 100.0, "Lytrinh_Ke": "K2+300 ÷ K2+400" }, "geometry": { "type": "MultiLineString", "coordinates": [ [ [ 106.23603455378597, 11.362388239843991, 0.0 ], [ 106.236035826500057, 11.362398886000078, 0.0 ], [ 106.236135115500048, 11.362867998500088, 0.0 ], [ 106.236226045000052, 11.363272385137464, 0.0 ] ] ] } },
{ "type": "Feature", "properties": { "Id": 0, "LnType": 1, "LeftLn_FID": 1, "RightLn_FI": 0, "Chieudai": 100.0, "Lytrinh_Ke": "K2+200 ÷ K2+300" }, "geometry": { "type": "MultiLineString", "coordinates": [ [ [ 106.236226045000052, 11.363272385137464, 0.0 ], [ 106.23627104600007, 11.363472515500092, 0.0 ], [ 106.236422808500066, 11.364002796000088, 0.0 ], [ 106.236460594134329, 11.364146185588099, 0.0 ] ] ] } },
{ "type": "Feature", "properties": { "Id": 0, "LnType": 1, "LeftLn_FID": 1, "RightLn_FI": 0, "Chieudai": 100.0, "Lytrinh_Ke": "K2+100 ÷ K2+200" }, "geometry": { "type": "MultiLineString", "coordinates": [ [ [ 106.236460594134329, 11.364146185588099, 0.0 ], [ 106.236631809000073, 11.364795912500023, 0.0 ], [ 106.236657763500105, 11.36494254400003, 0.0 ], [ 106.236681110000063, 11.364998364000034, 0.0 ], [ 106.236694217226272, 11.365018109323699, 0.0 ] ] ] } },
{ "type": "Feature", "properties": { "Id": 0, "LnType": 1, "LeftLn_FID": 1, "RightLn_FI": 0, "Chieudai": 100.0, "Lytrinh_Ke": "K2+000 ÷ K2+100" }, "geometry": { "type": "MultiLineString", "coordinates": [ [ [ 106.236694217226272, 11.365018109323699, 0.0 ], [ 106.236714195500099, 11.365048205500036, 0.0 ], [ 106.236764639500109, 11.365098984000021, 0.0 ], [ 106.236859075000098, 11.365202630000077, 0.0 ], [ 106.236947946500067, 11.365278804500115, 0.0 ], [ 106.237067592000088, 11.365316077500086, 0.0 ], [ 106.237093530500033, 11.365328831500086, 0.0 ], [ 106.237430961109283, 11.365530285432637, 0.0 ] ] ] } },
{ "type": "Feature", "properties": { "Id": 0, "LnType": 1, "LeftLn_FID": 1, "RightLn_FI": 0, "Chieudai": 100.0, "Lytrinh_Ke": "K1+900 ÷ K2+000" }, "geometry": { "type": "MultiLineString", "coordinates": [ [ [ 106.237430961109283, 11.365530285432637, 0.0 ], [ 106.23751862550003, 11.365582623000066, 0.0 ], [ 106.237613075500036, 11.365633994500044, 0.0 ], [ 106.23775469250009, 11.36570919950006, 0.0 ], [ 106.237759909500085, 11.365709300500059, 0.0 ], [ 106.237940499000075, 11.365807230500081, 0.0 ], [ 106.238242458702246, 11.365947874819181, 0.0 ] ] ] } },
{ "type": "Feature", "properties": { "Id": 0, "LnType": 1, "LeftLn_FID": 1, "RightLn_FI": 0, "Chieudai": 100.0, "Lytrinh_Ke": "K1+800 ÷ K1+900" }, "geometry": { "type": "MultiLineString", "coordinates": [ [ [ 106.238242458702246, 11.365947874819181, 0.0 ], [ 106.239071107098027, 11.366333833484511, 0.0 ] ] ] } },
{ "type": "Feature", "properties": { "Id": 0, "LnType": 1, "LeftLn_FID": 1, "RightLn_FI": 0, "Chieudai": 100.0, "Lytrinh_Ke": "K1+700 ÷ K1+800" }, "geometry": { "type": "MultiLineString", "coordinates": [ [ [ 106.239071107098027, 11.366333833484511, 0.0 ], [ 106.239115521000102, 11.366354520000073, 0.0 ], [ 106.239893295760638, 11.366733002877583, 0.0 ] ] ] } },
{ "type": "Feature", "properties": { "Id": 0, "LnType": 1, "LeftLn_FID": 1, "RightLn_FI": 0, "Chieudai": 100.0, "Lytrinh_Ke": "K1+600 ÷ K1+700" }, "geometry": { "type": "MultiLineString", "coordinates": [ [ [ 106.239893295760638, 11.366733002877583, 0.0 ], [ 106.240715120575373, 11.367132918039411, 0.0 ] ] ] } },
{ "type": "Feature", "properties": { "Id": 0, "LnType": 1, "LeftLn_FID": 1, "RightLn_FI": 0, "Chieudai": 100.0, "Lytrinh_Ke": "K1+500 ÷ K1+600" }, "geometry": { "type": "MultiLineString", "coordinates": [ [ [ 106.240715120575373, 11.367132918039411, 0.0 ], [ 106.241090550500104, 11.367315608000053, 0.0 ], [ 106.241535287788011, 11.367536120417656, 0.0 ] ] ] } },
{ "type": "Feature", "properties": { "Id": 0, "LnType": 1, "LeftLn_FID": 1, "RightLn_FI": 0, "Chieudai": 100.0, "Lytrinh_Ke": "K1+400 ÷ K1+500" }, "geometry": { "type": "MultiLineString", "coordinates": [ [ [ 106.241535287788011, 11.367536120417656, 0.0 ], [ 106.24235406127579, 11.36794208702848, 0.0 ] ] ] } },
{ "type": "Feature", "properties": { "Id": 0, "LnType": 1, "LeftLn_FID": 1, "RightLn_FI": 0, "Chieudai": 100.0, "Lytrinh_Ke": "K1+300 ÷ K1+400" }, "geometry": { "type": "MultiLineString", "coordinates": [ [ [ 106.24235406127579, 11.36794208702848, 0.0 ], [ 106.242989165000111, 11.368256983500057, 0.0 ], [ 106.243170426031014, 11.368352638721563, 0.0 ] ] ] } },
{ "type": "Feature", "properties": { "Id": 0, "LnType": 1, "LeftLn_FID": 1, "RightLn_FI": 0, "Chieudai": 100.0, "Lytrinh_Ke": "K1+200 ÷ K1+300" }, "geometry": { "type": "MultiLineString", "coordinates": [ [ [ 106.243170426031014, 11.368352638721563, 0.0 ], [ 106.243978456631595, 11.368779051059246, 0.0 ] ] ] } },
{ "type": "Feature", "properties": { "Id": 0, "LnType": 1, "LeftLn_FID": 1, "RightLn_FI": 0, "Chieudai": 100.0, "Lytrinh_Ke": "K1+100 ÷ K1+200" }, "geometry": { "type": "MultiLineString", "coordinates": [ [ [ 106.243978456631595, 11.368779051059246, 0.0 ], [ 106.244182325000111, 11.368886635500061, 0.0 ], [ 106.244801608219746, 11.369175841851229, 0.0 ] ] ] } },
{ "type": "Feature", "properties": { "Id": 0, "LnType": 1, "LeftLn_FID": 1, "RightLn_FI": 0, "Chieudai": 100.0, "Lytrinh_Ke": "K1+000 ÷ K1+100" }, "geometry": { "type": "MultiLineString", "coordinates": [ [ [ 106.244801608219746, 11.369175841851229, 0.0 ], [ 106.244978015500095, 11.369258224000074, 0.0 ], [ 106.24563830482704, 11.369544374724994, 0.0 ] ] ] } },
{ "type": "Feature", "properties": { "Id": 0, "LnType": 1, "LeftLn_FID": 1, "RightLn_FI": 0, "Chieudai": 100.0, "Lytrinh_Ke": "K0+900 ÷ K1+000" }, "geometry": { "type": "MultiLineString", "coordinates": [ [ [ 106.24563830482704, 11.369544374724994, 0.0 ], [ 106.246477287807608, 11.36990796313937, 0.0 ] ] ] } },
{ "type": "Feature", "properties": { "Id": 0, "LnType": 1, "LeftLn_FID": 1, "RightLn_FI": 0, "Chieudai": 100.0, "Lytrinh_Ke": "K0+800 ÷ K0+900" }, "geometry": { "type": "MultiLineString", "coordinates": [ [ [ 106.246477287807608, 11.36990796313937, 0.0 ], [ 106.246976119000067, 11.37012413900009, 0.0 ], [ 106.247315618676922, 11.370273009676319, 0.0 ] ] ] } },
{ "type": "Feature", "properties": { "Id": 0, "LnType": 1, "LeftLn_FID": 1, "RightLn_FI": 0, "Chieudai": 100.0, "Lytrinh_Ke": "K0+700 ÷ K0+800" }, "geometry": { "type": "MultiLineString", "coordinates": [ [ [ 106.247315618676922, 11.370273009676319, 0.0 ], [ 106.248152992349759, 11.370640195763166, 0.0 ] ] ] } },
{ "type": "Feature", "properties": { "Id": 0, "LnType": 1, "LeftLn_FID": 1, "RightLn_FI": 0, "Chieudai": 100.0, "Lytrinh_Ke": "K0+600 ÷ K0+700" }, "geometry": { "type": "MultiLineString", "coordinates": [ [ [ 106.248152992349759, 11.370640195763166, 0.0 ], [ 106.248816863500096, 11.37093129900007, 0.0 ], [ 106.248994849869163, 11.370996524835508, 0.0 ] ] ] } },
{ "type": "Feature", "properties": { "Id": 0, "LnType": 1, "LeftLn_FID": 1, "RightLn_FI": 0, "Chieudai": 100.0, "Lytrinh_Ke": "K0+500 ÷ K0+600" }, "geometry": { "type": "MultiLineString", "coordinates": [ [ [ 106.248994849869163, 11.370996524835508, 0.0 ], [ 106.249281946500091, 11.371101735500059, 0.0 ], [ 106.249859690546316, 11.371295118593933, 0.0 ] ] ] } },
{ "type": "Feature", "properties": { "Id": 0, "LnType": 1, "LeftLn_FID": 1, "RightLn_FI": 0, "Chieudai": 100.0, "Lytrinh_Ke": "K0+400 ÷ K0+500" }, "geometry": { "type": "MultiLineString", "coordinates": [ [ [ 106.249859690546316, 11.371295118593933, 0.0 ], [ 106.250727460636895, 11.371585576798106, 0.0 ] ] ] } },
{ "type": "Feature", "properties": { "Id": 0, "LnType": 1, "LeftLn_FID": 1, "RightLn_FI": 0, "Chieudai": 100.0, "Lytrinh_Ke": "K0+300 ÷ K0+400" }, "geometry": { "type": "MultiLineString", "coordinates": [ [ [ 106.250727460636895, 11.371585576798106, 0.0 ], [ 106.251212923500077, 11.371748068500073, 0.0 ], [ 106.251591290410531, 11.371886971572321, 0.0 ] ] ] } },
{ "type": "Feature", "properties": { "Id": 0, "LnType": 1, "LeftLn_FID": 1, "RightLn_FI": 0, "Chieudai": 100.0, "Lytrinh_Ke": "K0+200 ÷ K0+300" }, "geometry": { "type": "MultiLineString", "coordinates": [ [ [ 106.251591290410531, 11.371886971572321, 0.0 ], [ 106.252450116384722, 11.372202254590764, 0.0 ] ] ] } },
{ "type": "Feature", "properties": { "Id": 0, "LnType": 1, "LeftLn_FID": 1, "RightLn_FI": 0, "Chieudai": 100.0, "Lytrinh_Ke": "K0+100 ÷ K0+200" }, "geometry": { "type": "MultiLineString", "coordinates": [ [ [ 106.252450116384722, 11.372202254590764, 0.0 ], [ 106.253308944014037, 11.372517534896911, 0.0 ] ] ] } },
{ "type": "Feature", "properties": { "Id": 0, "LnType": 1, "LeftLn_FID": 1, "RightLn_FI": 0, "Chieudai": 100.0, "Lytrinh_Ke": "K0+000 ÷ K0+100" }, "geometry": { "type": "MultiLineString", "coordinates": [ [ [ 106.253308944014037, 11.372517534896911, 0.0 ], [ 106.253592768000061, 11.372621727500052, 0.0 ], [ 106.253871179500052, 11.372707078000062, 0.0 ], [ 106.254182390500034, 11.372788525500043, 0.0 ] ] ] } },
{ "type": "Feature", "properties": { "Id": 0, "LnType": 0, "LeftLn_FID": 0, "RightLn_FI": 0, "Chieudai": 0.0, "Lytrinh_Ke": "K0+100 ÷ K0+200" }, "geometry": { "type": "MultiLineString", "coordinates": [ ] } }
]
}
