{
"type": "FeatureCollection",
"name": "KT_MocHL",
"crs": { "type": "name", "properties": { "name": "urn:ogc:def:crs:OGC:1.3:CRS84" } },
"features": [
{ "type": "Feature", "properties": { "Name": "CTTL1" }, "geometry": { "type": "Point", "coordinates": [ 106.248655319000079, 11.370037399000068, 0.0 ] } },
{ "type": "Feature", "properties": { "Name": "CTTL2" }, "geometry": { "type": "Point", "coordinates": [ 106.247404153000048, 11.369649039000024, 0.0 ] } },
{ "type": "Feature", "properties": { "Name": "CTTL3" }, "geometry": { "type": "Point", "coordinates": [ 106.246125525000082, 11.369128121000074, 0.0 ] } },
{ "type": "Feature", "properties": { "Name": "CTTL4" }, "geometry": { "type": "Point", "coordinates": [ 106.244881547000034, 11.36857664300004, 0.0 ] } },
{ "type": "Feature", "properties": { "Name": "CTTL5" }, "geometry": { "type": "Point", "coordinates": [ 106.243631493000066, 11.368012518000057, 0.0 ] } },
{ "type": "Feature", "properties": { "Name": "CTTL6" }, "geometry": { "type": "Point", "coordinates": [ 106.242414023000038, 11.367434203000073, 0.0 ] } },
{ "type": "Feature", "properties": { "Name": "CTTL7" }, "geometry": { "type": "Point", "coordinates": [ 106.241188942000065, 11.366780685000037, 0.0 ] } },
{ "type": "Feature", "properties": { "Name": "CTTL8" }, "geometry": { "type": "Point", "coordinates": [ 106.239920919000042, 11.366135406000069, 0.0 ] } },
{ "type": "Feature", "properties": { "Name": "CTTL9" }, "geometry": { "type": "Point", "coordinates": [ 106.238647575000073, 11.365485253000031, 0.0 ] } },
{ "type": "Feature", "properties": { "Name": "CTTL10" }, "geometry": { "type": "Point", "coordinates": [ 106.237618429000065, 11.36477499700004, 0.0 ] } },
{ "type": "Feature", "properties": { "Name": "CTTL11" }, "geometry": { "type": "Point", "coordinates": [ 106.236385476000066, 11.365186707000021, 0.0 ] } },
{ "type": "Feature", "properties": { "Name": "CTTL12" }, "geometry": { "type": "Point", "coordinates": [ 106.236800792000054, 11.363692015000026, 0.0 ] } },
{ "type": "Feature", "properties": { "Name": "CTTL13" }, "geometry": { "type": "Point", "coordinates": [ 106.235989506000067, 11.363938947000065, 0.0 ] } },
{ "type": "Feature", "properties": { "Name": "CTTL14" }, "geometry": { "type": "Point", "coordinates": [ 106.236482156000079, 11.362375807000035, 0.0 ] } },
{ "type": "Feature", "properties": { "Name": "CTTL15" }, "geometry": { "type": "Point", "coordinates": [ 106.235669860000087, 11.362620842000069, 0.0 ] } },
{ "type": "Feature", "properties": { "Name": "CTTL16" }, "geometry": { "type": "Point", "coordinates": [ 106.236146814000051, 11.360832275000064, 0.0 ] } },
{ "type": "Feature", "properties": { "Name": "CTTL17" }, "geometry": { "type": "Point", "coordinates": [ 106.235346192000065, 11.361304917000041, 0.0 ] } },
{ "type": "Feature", "properties": { "Name": "CTTL18" }, "geometry": { "type": "Point", "coordinates": [ 106.235900945000083, 11.359701302000076, 0.0 ] } },
{ "type": "Feature", "properties": { "Name": "CTTL19" }, "geometry": { "type": "Point", "coordinates": [ 106.235023068000032, 11.359985734000077, 0.0 ] } },
{ "type": "Feature", "properties": { "Name": "CTTL20" }, "geometry": { "type": "Point", "coordinates": [ 106.235630382000068, 11.358407122000074, 0.0 ] } },
{ "type": "Feature", "properties": { "Name": "CTTL21" }, "geometry": { "type": "Point", "coordinates": [ 106.23573880400005, 11.35838687200004, 0.0 ] } },
{ "type": "Feature", "properties": { "Name": "CTTL22" }, "geometry": { "type": "Point", "coordinates": [ 106.235710191000067, 11.358232895000071, 0.0 ] } },
{ "type": "Feature", "properties": { "Name": "CTTL23" }, "geometry": { "type": "Point", "coordinates": [ 106.235600488000046, 11.358253871000045, 0.0 ] } },
{ "type": "Feature", "properties": { "Name": "CTTL24" }, "geometry": { "type": "Point", "coordinates": [ 106.234749579000038, 11.358656845000041, 0.0 ] } },
{ "type": "Feature", "properties": { "Name": "CTTL25" }, "geometry": { "type": "Point", "coordinates": [ 106.23447453700004, 11.357328411000026, 0.0 ] } },
{ "type": "Feature", "properties": { "Name": "CTTL26" }, "geometry": { "type": "Point", "coordinates": [ 106.235399189000077, 11.35728126500004, 0.0 ] } },
{ "type": "Feature", "properties": { "Name": "CTTL27" }, "geometry": { "type": "Point", "coordinates": [ 106.234167082000056, 11.356006385000057, 0.0 ] } },
{ "type": "Feature", "properties": { "Name": "CTTL28" }, "geometry": { "type": "Point", "coordinates": [ 106.235113066000054, 11.355955119000043, 0.0 ] } },
{ "type": "Feature", "properties": { "Name": "CTTL29" }, "geometry": { "type": "Point", "coordinates": [ 106.233871243000067, 11.354711722000047, 0.0 ] } },
{ "type": "Feature", "properties": { "Name": "CTTL30" }, "geometry": { "type": "Point", "coordinates": [ 106.234809149000057, 11.354620067000042, 0.0 ] } },
{ "type": "Feature", "properties": { "Name": "CTTL31" }, "geometry": { "type": "Point", "coordinates": [ 106.233594847000063, 11.353531101000044, 0.0 ] } },
{ "type": "Feature", "properties": { "Name": "CTTL32" }, "geometry": { "type": "Point", "coordinates": [ 106.234501083000055, 11.353201311000021, 0.0 ] } },
{ "type": "Feature", "properties": { "Name": "CTTL33" }, "geometry": { "type": "Point", "coordinates": [ 106.233433222000087, 11.352520605000052, 0.0 ] } },
{ "type": "Feature", "properties": { "Name": "CTTL34" }, "geometry": { "type": "Point", "coordinates": [ 106.234247937000077, 11.351977780000027, 0.0 ] } },
{ "type": "Feature", "properties": { "Name": "CTTL35" }, "geometry": { "type": "Point", "coordinates": [ 106.233023887000058, 11.350761365000039, 0.0 ] } },
{ "type": "Feature", "properties": { "Name": "CTTL36" }, "geometry": { "type": "Point", "coordinates": [ 106.233951197000067, 11.350543536000032, 0.0 ] } },
{ "type": "Feature", "properties": { "Name": "CTTL37" }, "geometry": { "type": "Point", "coordinates": [ 106.232827167000039, 11.349889997000048, 0.0 ] } },
{ "type": "Feature", "properties": { "Name": "CTTL38" }, "geometry": { "type": "Point", "coordinates": [ 106.233623850000072, 11.349068504000059, 0.0 ] } },
{ "type": "Feature", "properties": { "Name": "CTTL39" }, "geometry": { "type": "Point", "coordinates": [ 106.232449261000056, 11.348237354000048, 0.0 ] } },
{ "type": "Feature", "properties": { "Name": "CTTL40" }, "geometry": { "type": "Point", "coordinates": [ 106.233418999000037, 11.347991035000064, 0.0 ] } },
{ "type": "Feature", "properties": { "Name": "CTTL41" }, "geometry": { "type": "Point", "coordinates": [ 106.232156022000083, 11.346913210000025, 0.0 ] } },
{ "type": "Feature", "properties": { "Name": "CTTL42" }, "geometry": { "type": "Point", "coordinates": [ 106.233143068000061, 11.346665764000022, 0.0 ] } },
{ "type": "Feature", "properties": { "Name": "CTTL43" }, "geometry": { "type": "Point", "coordinates": [ 106.231910393000078, 11.345720666000034, 0.0 ] } },
{ "type": "Feature", "properties": { "Name": "CTTL44" }, "geometry": { "type": "Point", "coordinates": [ 106.232873453000082, 11.345337222000069, 0.0 ] } },
{ "type": "Feature", "properties": { "Name": "CTTL45" }, "geometry": { "type": "Point", "coordinates": [ 106.231586306000054, 11.344259996000062, 0.0 ] } },
{ "type": "Feature", "properties": { "Name": "CTTL46" }, "geometry": { "type": "Point", "coordinates": [ 106.232572487000084, 11.343999717000031, 0.0 ] } },
{ "type": "Feature", "properties": { "Name": "CTTL47" }, "geometry": { "type": "Point", "coordinates": [ 106.231293806000053, 11.342934673000059, 0.0 ] } },
{ "type": "Feature", "properties": { "Name": "CTTL48" }, "geometry": { "type": "Point", "coordinates": [ 106.232269305000045, 11.34269024300005, 0.0 ] } },
{ "type": "Feature", "properties": { "Name": "CTTL49" }, "geometry": { "type": "Point", "coordinates": [ 106.231039955000085, 11.341604011000072, 0.0 ] } },
{ "type": "Feature", "properties": { "Name": "CTTL50" }, "geometry": { "type": "Point", "coordinates": [ 106.232020940000041, 11.341356856000061, 0.0 ] } },
{ "type": "Feature", "properties": { "Name": "CTTL51" }, "geometry": { "type": "Point", "coordinates": [ 106.230713698000045, 11.340258610000035, 0.0 ] } },
{ "type": "Feature", "properties": { "Name": "CTTL52" }, "geometry": { "type": "Point", "coordinates": [ 106.231691640000065, 11.340041659000065, 0.0 ] } },
{ "type": "Feature", "properties": { "Name": "CTTL53" }, "geometry": { "type": "Point", "coordinates": [ 106.230452586000069, 11.338952373000041, 0.0 ] } },
{ "type": "Feature", "properties": { "Name": "CTTL54" }, "geometry": { "type": "Point", "coordinates": [ 106.231429547000062, 11.338711107000051, 0.0 ] } },
{ "type": "Feature", "properties": { "Name": "CTTL55" }, "geometry": { "type": "Point", "coordinates": [ 106.230163, 11.337579127000026, 0.0 ] } },
{ "type": "Feature", "properties": { "Name": "CTTL56" }, "geometry": { "type": "Point", "coordinates": [ 106.231181007000032, 11.33737762800007, 0.0 ] } },
{ "type": "Feature", "properties": { "Name": "CTTL57" }, "geometry": { "type": "Point", "coordinates": [ 106.230998746000068, 11.336493655000027, 0.0 ] } },
{ "type": "Feature", "properties": { "Name": "CTTL58" }, "geometry": { "type": "Point", "coordinates": [ 106.230738424000037, 11.335604812000042, 0.0 ] } },
{ "type": "Feature", "properties": { "Name": "CTTL59" }, "geometry": { "type": "Point", "coordinates": [ 106.229877231000046, 11.336300885000071, 0.0 ] } },
{ "type": "Feature", "properties": { "Name": "CTTL60" }, "geometry": { "type": "Point", "coordinates": [ 106.229532672000062, 11.335716821000062, 0.0 ] } },
{ "type": "Feature", "properties": { "Name": "CTTL61" }, "geometry": { "type": "Point", "coordinates": [ 106.229500485000074, 11.335740225000052, 0.0 ] } },
{ "type": "Feature", "properties": { "Name": "CTTL62" }, "geometry": { "type": "Point", "coordinates": [ 106.229242252000063, 11.335529045000044, 0.0 ] } },
{ "type": "Feature", "properties": { "Name": "CTTL63" }, "geometry": { "type": "Point", "coordinates": [ 106.22931440900004, 11.335444610000025, 0.0 ] } },
{ "type": "Feature", "properties": { "Name": "CTTL64" }, "geometry": { "type": "Point", "coordinates": [ 106.230360553000082, 11.335106535000023, 0.0 ] } },
{ "type": "Feature", "properties": { "Name": "CTTL65" }, "geometry": { "type": "Point", "coordinates": [ 106.230431039000052, 11.335049497000057, 0.0 ] } },
{ "type": "Feature", "properties": { "Name": "CTTL66" }, "geometry": { "type": "Point", "coordinates": [ 106.230222389000062, 11.334774822000043, 0.0 ] } },
{ "type": "Feature", "properties": { "Name": "CTTL67" }, "geometry": { "type": "Point", "coordinates": [ 106.230136324000057, 11.334829820000039, 0.0 ] } },
{ "type": "Feature", "properties": { "Name": "CTTL68" }, "geometry": { "type": "Point", "coordinates": [ 106.229437965000045, 11.33398961100005, 0.0 ] } },
{ "type": "Feature", "properties": { "Name": "CTTL69" }, "geometry": { "type": "Point", "coordinates": [ 106.228333619000068, 11.334278375000054, 0.0 ] } },
{ "type": "Feature", "properties": { "Name": "CTTL70" }, "geometry": { "type": "Point", "coordinates": [ 106.228597214000047, 11.332918226000061, 0.0 ] } },
{ "type": "Feature", "properties": { "Name": "CTTL71" }, "geometry": { "type": "Point", "coordinates": [ 106.227472985000077, 11.333204052000042, 0.0 ] } },
{ "type": "Feature", "properties": { "Name": "CTTL72" }, "geometry": { "type": "Point", "coordinates": [ 106.227728686000034, 11.331872672000031, 0.0 ] } },
{ "type": "Feature", "properties": { "Name": "CTTL73" }, "geometry": { "type": "Point", "coordinates": [ 106.226635575000046, 11.332146033000072, 0.0 ] } },
{ "type": "Feature", "properties": { "Name": "CTTL74" }, "geometry": { "type": "Point", "coordinates": [ 106.226851361000058, 11.330823701000043, 0.0 ] } },
{ "type": "Feature", "properties": { "Name": "CTTL75" }, "geometry": { "type": "Point", "coordinates": [ 106.225738676000049, 11.331035270000029, 0.0 ] } },
{ "type": "Feature", "properties": { "Name": "CTTL76" }, "geometry": { "type": "Point", "coordinates": [ 106.225984113000038, 11.329772080000055, 0.0 ] } },
{ "type": "Feature", "properties": { "Name": "CTTL77" }, "geometry": { "type": "Point", "coordinates": [ 106.224920824000037, 11.330026557000053, 0.0 ] } },
{ "type": "Feature", "properties": { "Name": "CTTL78" }, "geometry": { "type": "Point", "coordinates": [ 106.225134241000035, 11.328706311000076, 0.0 ] } },
{ "type": "Feature", "properties": { "Name": "CTTL79" }, "geometry": { "type": "Point", "coordinates": [ 106.224006854000038, 11.32889738800003, 0.0 ] } },
{ "type": "Feature", "properties": { "Name": "CTTL80" }, "geometry": { "type": "Point", "coordinates": [ 106.224272126000074, 11.327650604000041, 0.0 ] } },
{ "type": "Feature", "properties": { "Name": "CTTL81" }, "geometry": { "type": "Point", "coordinates": [ 106.223241065000082, 11.327968550000037, 0.0 ] } },
{ "type": "Feature", "properties": { "Name": "CTTL82" }, "geometry": { "type": "Point", "coordinates": [ 106.223378508000053, 11.326559803000066, 0.0 ] } },
{ "type": "Feature", "properties": { "Name": "CTTL83" }, "geometry": { "type": "Point", "coordinates": [ 106.222400856000036, 11.326914410000029, 0.0 ] } },
{ "type": "Feature", "properties": { "Name": "CTTL84" }, "geometry": { "type": "Point", "coordinates": [ 106.222547367000061, 11.325540086000046, 0.0 ] } },
{ "type": "Feature", "properties": { "Name": "CTTL85" }, "geometry": { "type": "Point", "coordinates": [ 106.221648016000074, 11.32595787200006, 0.0 ] } },
{ "type": "Feature", "properties": { "Name": "CTTL86" }, "geometry": { "type": "Point", "coordinates": [ 106.221687098000075, 11.324482557000067, 0.0 ] } },
{ "type": "Feature", "properties": { "Name": "CTTL87" }, "geometry": { "type": "Point", "coordinates": [ 106.220694933000061, 11.324819474000037, 0.0 ] } },
{ "type": "Feature", "properties": { "Name": "CTTL88" }, "geometry": { "type": "Point", "coordinates": [ 106.220846373000086, 11.323471536000056, 0.0 ] } },
{ "type": "Feature", "properties": { "Name": "CTTL89" }, "geometry": { "type": "Point", "coordinates": [ 106.219766307000043, 11.323677126000064, 0.0 ] } },
{ "type": "Feature", "properties": { "Name": "CTTL90" }, "geometry": { "type": "Point", "coordinates": [ 106.21997254200005, 11.322370550000073, 0.0 ] } },
{ "type": "Feature", "properties": { "Name": "CTTL91" }, "geometry": { "type": "Point", "coordinates": [ 106.218906238000045, 11.322619768000038, 0.0 ] } },
{ "type": "Feature", "properties": { "Name": "CTTL92" }, "geometry": { "type": "Point", "coordinates": [ 106.219090675000075, 11.32127672300004, 0.0 ] } },
{ "type": "Feature", "properties": { "Name": "CTTL93" }, "geometry": { "type": "Point", "coordinates": [ 106.218044164000048, 11.321564221000074, 0.0 ] } },
{ "type": "Feature", "properties": { "Name": "CTTL94" }, "geometry": { "type": "Point", "coordinates": [ 106.218258798000079, 11.320243251000022, 0.0 ] } },
{ "type": "Feature", "properties": { "Name": "CTTL95" }, "geometry": { "type": "Point", "coordinates": [ 106.217196083000033, 11.32049706500004, 0.0 ] } },
{ "type": "Feature", "properties": { "Name": "CTTL96" }, "geometry": { "type": "Point", "coordinates": [ 106.217380095000067, 11.319201031000034, 0.0 ] } },
{ "type": "Feature", "properties": { "Name": "CTTL97" }, "geometry": { "type": "Point", "coordinates": [ 106.21639712700005, 11.319510880000053, 0.0 ] } },
{ "type": "Feature", "properties": { "Name": "CTTL98" }, "geometry": { "type": "Point", "coordinates": [ 106.216523992000077, 11.318145282000046, 0.0 ] } },
{ "type": "Feature", "properties": { "Name": "CTTL99" }, "geometry": { "type": "Point", "coordinates": [ 106.215298019000045, 11.318167416000051, 0.0 ] } },
{ "type": "Feature", "properties": { "Name": "CTTL100" }, "geometry": { "type": "Point", "coordinates": [ 106.215668053000059, 11.317079586000034, 0.0 ] } },
{ "type": "Feature", "properties": { "Name": "CTTL101" }, "geometry": { "type": "Point", "coordinates": [ 106.214616358000058, 11.317266735000032, 0.0 ] } },
{ "type": "Feature", "properties": { "Name": "CTTL102" }, "geometry": { "type": "Point", "coordinates": [ 106.214708395000059, 11.316038185000025, 0.0 ] } },
{ "type": "Feature", "properties": { "Name": "CTTL103" }, "geometry": { "type": "Point", "coordinates": [ 106.213829888000078, 11.316210900000044, 0.0 ] } },
{ "type": "Feature", "properties": { "Name": "CTTL104" }, "geometry": { "type": "Point", "coordinates": [ 106.213860423000085, 11.315003292000029, 0.0 ] } },
{ "type": "Feature", "properties": { "Name": "CTTL105" }, "geometry": { "type": "Point", "coordinates": [ 106.213194534000081, 11.315362629000049, 0.0 ] } },
{ "type": "Feature", "properties": { "Name": "CTTL106" }, "geometry": { "type": "Point", "coordinates": [ 106.21290973300006, 11.313841986000057, 0.0 ] } },
{ "type": "Feature", "properties": { "Name": "CTTL107" }, "geometry": { "type": "Point", "coordinates": [ 106.212328868000043, 11.31431873300005, 0.0 ] } },
{ "type": "Feature", "properties": { "Name": "CTTL108" }, "geometry": { "type": "Point", "coordinates": [ 106.212165413000037, 11.312932590000059, 0.0 ] } },
{ "type": "Feature", "properties": { "Name": "CTTL109" }, "geometry": { "type": "Point", "coordinates": [ 106.211450627000033, 11.313298821000046, 0.0 ] } },
{ "type": "Feature", "properties": { "Name": "CTTL110" }, "geometry": { "type": "Point", "coordinates": [ 106.211205192000079, 11.313063093000039, 0.0 ] } },
{ "type": "Feature", "properties": { "Name": "CTTL111" }, "geometry": { "type": "Point", "coordinates": [ 106.210987815000067, 11.313061265000044, 0.0 ] } },
{ "type": "Feature", "properties": { "Name": "CTTL112" }, "geometry": { "type": "Point", "coordinates": [ 106.211749325000085, 11.312289910000061, 0.0 ] } },
{ "type": "Feature", "properties": { "Name": "CTTL113" }, "geometry": { "type": "Point", "coordinates": [ 106.211031018000085, 11.312268041000038, 0.0 ] } },
{ "type": "Feature", "properties": { "Name": "CTTL114" }, "geometry": { "type": "Point", "coordinates": [ 106.210021795000046, 11.312548911000022, 0.0 ] } },
{ "type": "Feature", "properties": { "Name": "CTTL115" }, "geometry": { "type": "Point", "coordinates": [ 106.210178254000084, 11.313256043000024, 0.0 ] } },
{ "type": "Feature", "properties": { "Name": "CTTL116" }, "geometry": { "type": "Point", "coordinates": [ 106.208407173000069, 11.312942967000026, 0.0 ] } },
{ "type": "Feature", "properties": { "Name": "CTTL117" }, "geometry": { "type": "Point", "coordinates": [ 106.208601071000032, 11.313640789000033, 0.0 ] } },
{ "type": "Feature", "properties": { "Name": "CTTL118" }, "geometry": { "type": "Point", "coordinates": [ 106.207262959000047, 11.313238526000077, 0.0 ] } },
{ "type": "Feature", "properties": { "Name": "CTTL119" }, "geometry": { "type": "Point", "coordinates": [ 106.207450602000051, 11.313926781000077, 0.0 ] } },
{ "type": "Feature", "properties": { "Name": "CTTL120" }, "geometry": { "type": "Point", "coordinates": [ 106.205730763000076, 11.313666996000052, 0.0 ] } },
{ "type": "Feature", "properties": { "Name": "CTTL121" }, "geometry": { "type": "Point", "coordinates": [ 106.205853240000067, 11.314304239000023, 0.0 ] } },
{ "type": "Feature", "properties": { "Name": "CTTL122" }, "geometry": { "type": "Point", "coordinates": [ 106.204676196000037, 11.313951754000072, 0.0 ] } },
{ "type": "Feature", "properties": { "Name": "CTTL123" }, "geometry": { "type": "Point", "coordinates": [ 106.204840987000068, 11.31454984100003, 0.0 ] } },
{ "type": "Feature", "properties": { "Name": "CTTL124" }, "geometry": { "type": "Point", "coordinates": [ 106.20340699500008, 11.314271914000074, 0.0 ] } },
{ "type": "Feature", "properties": { "Name": "CTTL125" }, "geometry": { "type": "Point", "coordinates": [ 106.203509804000078, 11.31488461400005, 0.0 ] } },
{ "type": "Feature", "properties": { "Name": "CTTL126" }, "geometry": { "type": "Point", "coordinates": [ 106.202047605000075, 11.314609641000061, 0.0 ] } },
{ "type": "Feature", "properties": { "Name": "CTTL127" }, "geometry": { "type": "Point", "coordinates": [ 106.202246477000074, 11.315211988000044, 0.0 ] } },
{ "type": "Feature", "properties": { "Name": "CTTL128" }, "geometry": { "type": "Point", "coordinates": [ 106.200952468000082, 11.314864648000025, 0.0 ] } },
{ "type": "Feature", "properties": { "Name": "CTTL129" }, "geometry": { "type": "Point", "coordinates": [ 106.200877449000075, 11.314790874000039, 0.0 ] } },
{ "type": "Feature", "properties": { "Name": "CTTL130" }, "geometry": { "type": "Point", "coordinates": [ 106.200798744000053, 11.314896654000052, 0.0 ] } },
{ "type": "Feature", "properties": { "Name": "CTTL131" }, "geometry": { "type": "Point", "coordinates": [ 106.200748342000054, 11.314812877000065, 0.0 ] } },
{ "type": "Feature", "properties": { "Name": "CTTL132" }, "geometry": { "type": "Point", "coordinates": [ 106.201080549000039, 11.31551263800003, 0.0 ] } },
{ "type": "Feature", "properties": { "Name": "CTTL133" }, "geometry": { "type": "Point", "coordinates": [ 106.20107097500005, 11.315606229000025, 0.0 ] } },
{ "type": "Feature", "properties": { "Name": "CTTL134" }, "geometry": { "type": "Point", "coordinates": [ 106.200936502000047, 11.315644247000023, 0.0 ] } },
{ "type": "Feature", "properties": { "Name": "CTTL135" }, "geometry": { "type": "Point", "coordinates": [ 106.200900024000077, 11.315560618000063, 0.0 ] } },
{ "type": "Feature", "properties": { "Name": "CTTL136" }, "geometry": { "type": "Point", "coordinates": [ 106.199105905000067, 11.315307662000066, 0.0 ] } },
{ "type": "Feature", "properties": { "Name": "CTTL137" }, "geometry": { "type": "Point", "coordinates": [ 106.199669993000043, 11.315870907000033, 0.0 ] } },
{ "type": "Feature", "properties": { "Name": "CTTL138" }, "geometry": { "type": "Point", "coordinates": [ 106.19776605800007, 11.315662862000067, 0.0 ] } },
{ "type": "Feature", "properties": { "Name": "CTTL139" }, "geometry": { "type": "Point", "coordinates": [ 106.198334355000043, 11.31618740600004, 0.0 ] } },
{ "type": "Feature", "properties": { "Name": "CTTL140" }, "geometry": { "type": "Point", "coordinates": [ 106.196377563000055, 11.316016995000041, 0.0 ] } },
{ "type": "Feature", "properties": { "Name": "CTTL141" }, "geometry": { "type": "Point", "coordinates": [ 106.197006951000049, 11.316538596000044, 0.0 ] } },
{ "type": "Feature", "properties": { "Name": "CTTL142" }, "geometry": { "type": "Point", "coordinates": [ 106.195354686000087, 11.316270275000022, 0.0 ] } },
{ "type": "Feature", "properties": { "Name": "CTTL143" }, "geometry": { "type": "Point", "coordinates": [ 106.195674459000088, 11.316870807000043, 0.0 ] } },
{ "type": "Feature", "properties": { "Name": "CTTL144" }, "geometry": { "type": "Point", "coordinates": [ 106.194181025000034, 11.316560700000025, 0.0 ] } },
{ "type": "Feature", "properties": { "Name": "CTTL145" }, "geometry": { "type": "Point", "coordinates": [ 106.194335946000081, 11.317176808000056, 0.0 ] } },
{ "type": "Feature", "properties": { "Name": "CTTL146" }, "geometry": { "type": "Point", "coordinates": [ 106.19276853100007, 11.316919484000039, 0.0 ] } },
{ "type": "Feature", "properties": { "Name": "CTTL147" }, "geometry": { "type": "Point", "coordinates": [ 106.193044100000066, 11.317500685000027, 0.0 ] } },
{ "type": "Feature", "properties": { "Name": "CTTL148" }, "geometry": { "type": "Point", "coordinates": [ 106.191444654000065, 11.317256719000056, 0.0 ] } },
{ "type": "Feature", "properties": { "Name": "CTTL149" }, "geometry": { "type": "Point", "coordinates": [ 106.191675924000037, 11.317854207000039, 0.0 ] } },
{ "type": "Feature", "properties": { "Name": "CTTL150" }, "geometry": { "type": "Point", "coordinates": [ 106.189953956000068, 11.317629233000048, 0.0 ] } },
{ "type": "Feature", "properties": { "Name": "CTTL151" }, "geometry": { "type": "Point", "coordinates": [ 106.190287556000044, 11.318193306000069, 0.0 ] } },
{ "type": "Feature", "properties": { "Name": "CTTL152" }, "geometry": { "type": "Point", "coordinates": [ 106.188849934000075, 11.317894524000053, 0.0 ] } },
{ "type": "Feature", "properties": { "Name": "CTTL153" }, "geometry": { "type": "Point", "coordinates": [ 106.189005819000045, 11.318496620000076, 0.0 ] } },
{ "type": "Feature", "properties": { "Name": "CTTL154" }, "geometry": { "type": "Point", "coordinates": [ 106.187481557000069, 11.318244140000047, 0.0 ] } },
{ "type": "Feature", "properties": { "Name": "CTTL155" }, "geometry": { "type": "Point", "coordinates": [ 106.18750895900007, 11.318902044000026, 0.0 ] } },
{ "type": "Feature", "properties": { "Name": "CTTL156" }, "geometry": { "type": "Point", "coordinates": [ 106.186729837000087, 11.31843103600005, 0.0 ] } },
{ "type": "Feature", "properties": { "Name": "CTTL157" }, "geometry": { "type": "Point", "coordinates": [ 106.18665610000005, 11.318317477000051, 0.0 ] } },
{ "type": "Feature", "properties": { "Name": "CTTL158" }, "geometry": { "type": "Point", "coordinates": [ 106.186434083000051, 11.318369614000062, 0.0 ] } },
{ "type": "Feature", "properties": { "Name": "CTTL159" }, "geometry": { "type": "Point", "coordinates": [ 106.186450701000069, 11.318501025000046, 0.0 ] } },
{ "type": "Feature", "properties": { "Name": "CTTL160" }, "geometry": { "type": "Point", "coordinates": [ 106.185397143000046, 11.318764739000073, 0.0 ] } },
{ "type": "Feature", "properties": { "Name": "CTTL161" }, "geometry": { "type": "Point", "coordinates": [ 106.186702368000056, 11.319089249000058, 0.0 ] } },
{ "type": "Feature", "properties": { "Name": "CTTL162" }, "geometry": { "type": "Point", "coordinates": [ 106.18594515400008, 11.319316657000059, 0.0 ] } },
{ "type": "Feature", "properties": { "Name": "CTTL163" }, "geometry": { "type": "Point", "coordinates": [ 106.185704047000058, 11.319315408000023, 0.0 ] } },
{ "type": "Feature", "properties": { "Name": "CTTL164" }, "geometry": { "type": "Point", "coordinates": [ 106.184339611000041, 11.319015260000072, 0.0 ] } },
{ "type": "Feature", "properties": { "Name": "CTTL165" }, "geometry": { "type": "Point", "coordinates": [ 106.18482793000004, 11.319581873000061, 0.0 ] } },
{ "type": "Feature", "properties": { "Name": "CTTL166" }, "geometry": { "type": "Point", "coordinates": [ 106.183697536000068, 11.319123875000059, 0.0 ] } },
{ "type": "Feature", "properties": { "Name": "CTTL167" }, "geometry": { "type": "Point", "coordinates": [ 106.183786157000043, 11.319834977000028, 0.0 ] } },
{ "type": "Feature", "properties": { "Name": "CTTL168" }, "geometry": { "type": "Point", "coordinates": [ 106.182282754000084, 11.319495724000035, 0.0 ] } },
{ "type": "Feature", "properties": { "Name": "CTTL169" }, "geometry": { "type": "Point", "coordinates": [ 106.18225, 11.319358022000074, 0.0 ] } },
{ "type": "Feature", "properties": { "Name": "CTTL170" }, "geometry": { "type": "Point", "coordinates": [ 106.182073611000078, 11.319414570000049, 0.0 ] } },
{ "type": "Feature", "properties": { "Name": "CTTL171" }, "geometry": { "type": "Point", "coordinates": [ 106.182078084000068, 11.319562915000063, 0.0 ] } },
{ "type": "Feature", "properties": { "Name": "CTTL172" }, "geometry": { "type": "Point", "coordinates": [ 106.182234009000069, 11.320225768000057, 0.0 ] } },
{ "type": "Feature", "properties": { "Name": "CTTL173" }, "geometry": { "type": "Point", "coordinates": [ 106.181049752000035, 11.320542475000025, 0.0 ] } },
{ "type": "Feature", "properties": { "Name": "CTTL174" }, "geometry": { "type": "Point", "coordinates": [ 106.181099526000082, 11.319858897000074, 0.0 ] } },
{ "type": "Feature", "properties": { "Name": "CTTL175" }, "geometry": { "type": "Point", "coordinates": [ 106.179775627000083, 11.320898077000038, 0.0 ] } },
{ "type": "Feature", "properties": { "Name": "CTTL176" }, "geometry": { "type": "Point", "coordinates": [ 106.179829145000042, 11.320207982000056, 0.0 ] } },
{ "type": "Feature", "properties": { "Name": "CTTL177" }, "geometry": { "type": "Point", "coordinates": [ 106.178401698000073, 11.321274606000031, 0.0 ] } },
{ "type": "Feature", "properties": { "Name": "CTTL178" }, "geometry": { "type": "Point", "coordinates": [ 106.17823012100007, 11.320730218000051, 0.0 ] } },
{ "type": "Feature", "properties": { "Name": "CTTL179" }, "geometry": { "type": "Point", "coordinates": [ 106.177099971000075, 11.321659914000065, 0.0 ] } },
{ "type": "Feature", "properties": { "Name": "CTTL180" }, "geometry": { "type": "Point", "coordinates": [ 106.177121125000042, 11.32173490200006, 0.0 ] } },
{ "type": "Feature", "properties": { "Name": "CTTL181" }, "geometry": { "type": "Point", "coordinates": [ 106.176900238000087, 11.321802036000065, 0.0 ] } },
{ "type": "Feature", "properties": { "Name": "CTTL182" }, "geometry": { "type": "Point", "coordinates": [ 106.176872209000067, 11.321724894000056, 0.0 ] } },
{ "type": "Feature", "properties": { "Name": "CTTL183" }, "geometry": { "type": "Point", "coordinates": [ 106.176919164000083, 11.321046024000054, 0.0 ] } },
{ "type": "Feature", "properties": { "Name": "CTTL184" }, "geometry": { "type": "Point", "coordinates": [ 106.176895334000051, 11.320962634000068, 0.0 ] } },
{ "type": "Feature", "properties": { "Name": "CTTL185" }, "geometry": { "type": "Point", "coordinates": [ 106.176662443000055, 11.321027988000026, 0.0 ] } },
{ "type": "Feature", "properties": { "Name": "CTTL186" }, "geometry": { "type": "Point", "coordinates": [ 106.176695229000075, 11.321180336000054, 0.0 ] } },
{ "type": "Feature", "properties": { "Name": "CTTL187" }, "geometry": { "type": "Point", "coordinates": [ 106.175448220000078, 11.322125663000065, 0.0 ] } },
{ "type": "Feature", "properties": { "Name": "CTTL188" }, "geometry": { "type": "Point", "coordinates": [ 106.175297023000041, 11.321441550000031, 0.0 ] } },
{ "type": "Feature", "properties": { "Name": "CTTL189" }, "geometry": { "type": "Point", "coordinates": [ 106.174295334000078, 11.322389113000042, 0.0 ] } },
{ "type": "Feature", "properties": { "Name": "CTTL190" }, "geometry": { "type": "Point", "coordinates": [ 106.174072934000037, 11.321771429000023, 0.0 ] } },
{ "type": "Feature", "properties": { "Name": "CTTL191" }, "geometry": { "type": "Point", "coordinates": [ 106.172604638000053, 11.322854212000038, 0.0 ] } },
{ "type": "Feature", "properties": { "Name": "CTTL192" }, "geometry": { "type": "Point", "coordinates": [ 106.173151218000044, 11.322055594000062, 0.0 ] } },
{ "type": "Feature", "properties": { "Name": "CTTL193" }, "geometry": { "type": "Point", "coordinates": [ 106.172417680000081, 11.322309222000058, 0.0 ] } },
{ "type": "Feature", "properties": { "Name": "CTTL194" }, "geometry": { "type": "Point", "coordinates": [ 106.172392379000087, 11.322223124000061, 0.0 ] } },
{ "type": "Feature", "properties": { "Name": "CTTL195" }, "geometry": { "type": "Point", "coordinates": [ 106.172066557000051, 11.322271237000052, 0.0 ] } },
{ "type": "Feature", "properties": { "Name": "CTTL196" }, "geometry": { "type": "Point", "coordinates": [ 106.172004184000059, 11.322393878000071, 0.0 ] } },
{ "type": "Feature", "properties": { "Name": "CTTL197" }, "geometry": { "type": "Point", "coordinates": [ 106.171828970000035, 11.323073310000041, 0.0 ] } },
{ "type": "Feature", "properties": { "Name": "CTTL198" }, "geometry": { "type": "Point", "coordinates": [ 106.170749012000044, 11.322754191000058, 0.0 ] } },
{ "type": "Feature", "properties": { "Name": "CTTL199" }, "geometry": { "type": "Point", "coordinates": [ 106.170617831000072, 11.323422674000028, 0.0 ] } },
{ "type": "Feature", "properties": { "Name": "CTTL200" }, "geometry": { "type": "Point", "coordinates": [ 106.169260874000088, 11.323190786000055, 0.0 ] } },
{ "type": "Feature", "properties": { "Name": "CTTL201" }, "geometry": { "type": "Point", "coordinates": [ 106.169296633000044, 11.323795607000022, 0.0 ] } },
{ "type": "Feature", "properties": { "Name": "CTTL202" }, "geometry": { "type": "Point", "coordinates": [ 106.167797936000056, 11.323592872000063, 0.0 ] } },
{ "type": "Feature", "properties": { "Name": "CTTL203" }, "geometry": { "type": "Point", "coordinates": [ 106.16798170900006, 11.324229182000067, 0.0 ] } },
{ "type": "Feature", "properties": { "Name": "CTTL204" }, "geometry": { "type": "Point", "coordinates": [ 106.166644286000064, 11.323928077000062, 0.0 ] } },
{ "type": "Feature", "properties": { "Name": "CTTL205" }, "geometry": { "type": "Point", "coordinates": [ 106.166837171000054, 11.324544569000068, 0.0 ] } },
{ "type": "Feature", "properties": { "Name": "CTTL206" }, "geometry": { "type": "Point", "coordinates": [ 106.165229140000065, 11.32499669300006, 0.0 ] } },
{ "type": "Feature", "properties": { "Name": "CTTL207" }, "geometry": { "type": "Point", "coordinates": [ 106.164709090000088, 11.324482191000072, 0.0 ] } },
{ "type": "Feature", "properties": { "Name": "CTTL208" }, "geometry": { "type": "Point", "coordinates": [ 106.164570182000034, 11.324349336000068, 0.0 ] } },
{ "type": "Feature", "properties": { "Name": "CTTL209" }, "geometry": { "type": "Point", "coordinates": [ 106.164466228000038, 11.324357796000072, 0.0 ] } },
{ "type": "Feature", "properties": { "Name": "CTTL210" }, "geometry": { "type": "Point", "coordinates": [ 106.164443868000035, 11.324552851000021, 0.0 ] } },
{ "type": "Feature", "properties": { "Name": "CTTL211" }, "geometry": { "type": "Point", "coordinates": [ 106.164797012000065, 11.325107960000025, 0.0 ] } },
{ "type": "Feature", "properties": { "Name": "CTTL212" }, "geometry": { "type": "Point", "coordinates": [ 106.16483674300008, 11.325175856000044, 0.0 ] } },
{ "type": "Feature", "properties": { "Name": "CTTL213" }, "geometry": { "type": "Point", "coordinates": [ 106.164663371000074, 11.325232839000023, 0.0 ] } },
{ "type": "Feature", "properties": { "Name": "CTTL214" }, "geometry": { "type": "Point", "coordinates": [ 106.164628468000046, 11.325153180000029, 0.0 ] } },
{ "type": "Feature", "properties": { "Name": "CTTL215" }, "geometry": { "type": "Point", "coordinates": [ 106.164021562000073, 11.325348374000043, 0.0 ] } },
{ "type": "Feature", "properties": { "Name": "CTTL216" }, "geometry": { "type": "Point", "coordinates": [ 106.163529184000083, 11.324796650000053, 0.0 ] } },
{ "type": "Feature", "properties": { "Name": "CTTL217" }, "geometry": { "type": "Point", "coordinates": [ 106.162424697000063, 11.325760408000065, 0.0 ] } },
{ "type": "Feature", "properties": { "Name": "CTTL218" }, "geometry": { "type": "Point", "coordinates": [ 106.162193881000064, 11.325138213000059, 0.0 ] } },
{ "type": "Feature", "properties": { "Name": "CTTL219" }, "geometry": { "type": "Point", "coordinates": [ 106.161457225000049, 11.326036594000072, 0.0 ] } },
{ "type": "Feature", "properties": { "Name": "CTTL220" }, "geometry": { "type": "Point", "coordinates": [ 106.161420533000069, 11.32533748000003, 0.0 ] } },
{ "type": "Feature", "properties": { "Name": "CTTL221" }, "geometry": { "type": "Point", "coordinates": [ 106.160222386000044, 11.326409204000072, 0.0 ] } },
{ "type": "Feature", "properties": { "Name": "CTTL222" }, "geometry": { "type": "Point", "coordinates": [ 106.16020913400007, 11.325663840000061, 0.0 ] } },
{ "type": "Feature", "properties": { "Name": "CTTL223" }, "geometry": { "type": "Point", "coordinates": [ 106.158911498000066, 11.326776825000024, 0.0 ] } },
{ "type": "Feature", "properties": { "Name": "CTTL224" }, "geometry": { "type": "Point", "coordinates": [ 106.158739557000047, 11.326019249000069, 0.0 ] } },
{ "type": "Feature", "properties": { "Name": "CTTL225" }, "geometry": { "type": "Point", "coordinates": [ 106.157578342000079, 11.327103175000047, 0.0 ] } },
{ "type": "Feature", "properties": { "Name": "CTTL226" }, "geometry": { "type": "Point", "coordinates": [ 106.157400690000088, 11.326330422000069, 0.0 ] } },
{ "type": "Feature", "properties": { "Name": "CTTL227" }, "geometry": { "type": "Point", "coordinates": [ 106.156244727000058, 11.327429972000061, 0.0 ] } },
{ "type": "Feature", "properties": { "Name": "CTTL228" }, "geometry": { "type": "Point", "coordinates": [ 106.156002493000074, 11.326656638000031, 0.0 ] } },
{ "type": "Feature", "properties": { "Name": "CTTL229" }, "geometry": { "type": "Point", "coordinates": [ 106.155173665000063, 11.327720019000026, 0.0 ] } },
{ "type": "Feature", "properties": { "Name": "CTTL230" }, "geometry": { "type": "Point", "coordinates": [ 106.154630117000067, 11.327139825000074, 0.0 ] } },
{ "type": "Feature", "properties": { "Name": "CTTL231" }, "geometry": { "type": "Point", "coordinates": [ 106.154539842000077, 11.327041483000073, 0.0 ] } },
{ "type": "Feature", "properties": { "Name": "CTTL232" }, "geometry": { "type": "Point", "coordinates": [ 106.154136459000085, 11.327187748000028, 0.0 ] } },
{ "type": "Feature", "properties": { "Name": "CTTL233" }, "geometry": { "type": "Point", "coordinates": [ 106.154185867000081, 11.327282294000042, 0.0 ] } },
{ "type": "Feature", "properties": { "Name": "CTTL234" }, "geometry": { "type": "Point", "coordinates": [ 106.154711966000036, 11.327803221000067, 0.0 ] } },
{ "type": "Feature", "properties": { "Name": "CTTL235" }, "geometry": { "type": "Point", "coordinates": [ 106.154772955000055, 11.327914375000034, 0.0 ] } },
{ "type": "Feature", "properties": { "Name": "CTTL236" }, "geometry": { "type": "Point", "coordinates": [ 106.154542749000086, 11.327957195000067, 0.0 ] } },
{ "type": "Feature", "properties": { "Name": "CTTL237" }, "geometry": { "type": "Point", "coordinates": [ 106.154469600000084, 11.327856555000039, 0.0 ] } },
{ "type": "Feature", "properties": { "Name": "CTTL238" }, "geometry": { "type": "Point", "coordinates": [ 106.153659306000065, 11.327444562000039, 0.0 ] } },
{ "type": "Feature", "properties": { "Name": "CTTL239" }, "geometry": { "type": "Point", "coordinates": [ 106.15381390400006, 11.328033393000055, 0.0 ] } },
{ "type": "Feature", "properties": { "Name": "CTTL240" }, "geometry": { "type": "Point", "coordinates": [ 106.152877341000078, 11.327687221000076, 0.0 ] } },
{ "type": "Feature", "properties": { "Name": "CTTL241" }, "geometry": { "type": "Point", "coordinates": [ 106.152513800000065, 11.328397347000077, 0.0 ] } },
{ "type": "Feature", "properties": { "Name": "CTTL242" }, "geometry": { "type": "Point", "coordinates": [ 106.152192041000035, 11.327898837000021, 0.0 ] } },
{ "type": "Feature", "properties": { "Name": "CTTL243" }, "geometry": { "type": "Point", "coordinates": [ 106.152136431000088, 11.327816058000053, 0.0 ] } },
{ "type": "Feature", "properties": { "Name": "CTTL244" }, "geometry": { "type": "Point", "coordinates": [ 106.152067341000077, 11.327848756000037, 0.0 ] } },
{ "type": "Feature", "properties": { "Name": "CTTL245" }, "geometry": { "type": "Point", "coordinates": [ 106.152082462000067, 11.327932348000047, 0.0 ] } },
{ "type": "Feature", "properties": { "Name": "CTTL246" }, "geometry": { "type": "Point", "coordinates": [ 106.151080703000048, 11.328246095000054, 0.0 ] } },
{ "type": "Feature", "properties": { "Name": "CTTL247" }, "geometry": { "type": "Point", "coordinates": [ 106.151193078000063, 11.328800576000049, 0.0 ] } },
{ "type": "Feature", "properties": { "Name": "CTTL248" }, "geometry": { "type": "Point", "coordinates": [ 106.150259101000074, 11.328504204000069, 0.0 ] } },
{ "type": "Feature", "properties": { "Name": "CTTL249" }, "geometry": { "type": "Point", "coordinates": [ 106.150314034000075, 11.329097958000034, 0.0 ] } },
{ "type": "Feature", "properties": { "Name": "CTTL250" }, "geometry": { "type": "Point", "coordinates": [ 106.149932122000052, 11.328613139000026, 0.0 ] } },
{ "type": "Feature", "properties": { "Name": "CTTL251" }, "geometry": { "type": "Point", "coordinates": [ 106.150138791000074, 11.329221747000076, 0.0 ] } },
{ "type": "Feature", "properties": { "Name": "CTTL252" }, "geometry": { "type": "Point", "coordinates": [ 106.149492506000058, 11.32906586200005, 0.0 ] } },
{ "type": "Feature", "properties": { "Name": "CTTL253" }, "geometry": { "type": "Point", "coordinates": [ 106.149985579000088, 11.329405608000059, 0.0 ] } },
{ "type": "Feature", "properties": { "Name": "CTTL254" }, "geometry": { "type": "Point", "coordinates": [ 106.148487519000071, 11.330714628000067, 0.0 ] } },
{ "type": "Feature", "properties": { "Name": "CTTL255" }, "geometry": { "type": "Point", "coordinates": [ 106.149283921000062, 11.330571485000064, 0.0 ] } },
{ "type": "Feature", "properties": { "Name": "CTTL256" }, "geometry": { "type": "Point", "coordinates": [ 106.147902040000076, 11.331566721000058, 0.0 ] } },
{ "type": "Feature", "properties": { "Name": "CTTL257" }, "geometry": { "type": "Point", "coordinates": [ 106.148544429000083, 11.331739975000062, 0.0 ] } },
{ "type": "Feature", "properties": { "Name": "CTTL258" }, "geometry": { "type": "Point", "coordinates": [ 106.147268267000072, 11.332495401000074, 0.0 ] } },
{ "type": "Feature", "properties": { "Name": "CTTL259" }, "geometry": { "type": "Point", "coordinates": [ 106.147871300000077, 11.332764844000053, 0.0 ] } },
{ "type": "Feature", "properties": { "Name": "CTTL260" }, "geometry": { "type": "Point", "coordinates": [ 106.146333011000081, 11.333957953000038, 0.0 ] } },
{ "type": "Feature", "properties": { "Name": "CTTL261" }, "geometry": { "type": "Point", "coordinates": [ 106.147074888000077, 11.334006142000021, 0.0 ] } },
{ "type": "Feature", "properties": { "Name": "CTTL262" }, "geometry": { "type": "Point", "coordinates": [ 106.145703443000059, 11.334927304000075, 0.0 ] } },
{ "type": "Feature", "properties": { "Name": "CTTL263" }, "geometry": { "type": "Point", "coordinates": [ 106.146350732000087, 11.335157959000071, 0.0 ] } },
{ "type": "Feature", "properties": { "Name": "CTTL264" }, "geometry": { "type": "Point", "coordinates": [ 106.145060259000047, 11.335914041000024, 0.0 ] } },
{ "type": "Feature", "properties": { "Name": "CTTL265" }, "geometry": { "type": "Point", "coordinates": [ 106.145619683000064, 11.336261966000052, 0.0 ] } },
{ "type": "Feature", "properties": { "Name": "CTTL266" }, "geometry": { "type": "Point", "coordinates": [ 106.144242641000062, 11.337144892000026, 0.0 ] } },
{ "type": "Feature", "properties": { "Name": "CTTL267" }, "geometry": { "type": "Point", "coordinates": [ 106.144862421000084, 11.337444138000023, 0.0 ] } },
{ "type": "Feature", "properties": { "Name": "CTTL268" }, "geometry": { "type": "Point", "coordinates": [ 106.143936559000053, 11.337632032000045, 0.0 ] } },
{ "type": "Feature", "properties": { "Name": "CTTL269" }, "geometry": { "type": "Point", "coordinates": [ 106.144338123000068, 11.338259205000043, 0.0 ] } },
{ "type": "Feature", "properties": { "Name": "CTTL270" }, "geometry": { "type": "Point", "coordinates": [ 106.143739502000074, 11.337918325000032, 0.0 ] } },
{ "type": "Feature", "properties": { "Name": "CTTL271" }, "geometry": { "type": "Point", "coordinates": [ 106.144171111000048, 11.338461988000063, 0.0 ] } },
{ "type": "Feature", "properties": { "Name": "CTTL272" }, "geometry": { "type": "Point", "coordinates": [ 106.143353312000045, 11.338265782000065, 0.0 ] } },
{ "type": "Feature", "properties": { "Name": "CTTL273" }, "geometry": { "type": "Point", "coordinates": [ 106.143961403000048, 11.338662423000073, 0.0 ] } },
{ "type": "Feature", "properties": { "Name": "CTTL274" }, "geometry": { "type": "Point", "coordinates": [ 106.142584647000035, 11.338820558000066, 0.0 ] } },
{ "type": "Feature", "properties": { "Name": "CTTL275" }, "geometry": { "type": "Point", "coordinates": [ 106.142444460000036, 11.338811100000044, 0.0 ] } },
{ "type": "Feature", "properties": { "Name": "CTTL276" }, "geometry": { "type": "Point", "coordinates": [ 106.142294578000076, 11.338931846000037, 0.0 ] } },
{ "type": "Feature", "properties": { "Name": "CTTL277" }, "geometry": { "type": "Point", "coordinates": [ 106.142371551000053, 11.338981402000059, 0.0 ] } },
{ "type": "Feature", "properties": { "Name": "CTTL278" }, "geometry": { "type": "Point", "coordinates": [ 106.142875794000076, 11.339395809000052, 0.0 ] } },
{ "type": "Feature", "properties": { "Name": "CTTL279" }, "geometry": { "type": "Point", "coordinates": [ 106.142287528000054, 11.339918007000051, 0.0 ] } },
{ "type": "Feature", "properties": { "Name": "CTTL280" }, "geometry": { "type": "Point", "coordinates": [ 106.141831822000086, 11.339495809000027, 0.0 ] } },
{ "type": "Feature", "properties": { "Name": "CTTL281" }, "geometry": { "type": "Point", "coordinates": [ 106.141324847000078, 11.340812766000056, 0.0 ] } },
{ "type": "Feature", "properties": { "Name": "CTTL282" }, "geometry": { "type": "Point", "coordinates": [ 106.140851768000061, 11.34040525000006, 0.0 ] } },
{ "type": "Feature", "properties": { "Name": "CTTL283" }, "geometry": { "type": "Point", "coordinates": [ 106.140276406000055, 11.341787808000049, 0.0 ] } },
{ "type": "Feature", "properties": { "Name": "CTTL284" }, "geometry": { "type": "Point", "coordinates": [ 106.139801766000062, 11.341378847000044, 0.0 ] } },
{ "type": "Feature", "properties": { "Name": "CTTL285" }, "geometry": { "type": "Point", "coordinates": [ 106.139278028000035, 11.342620258000068, 0.0 ] } },
{ "type": "Feature", "properties": { "Name": "CTTL286" }, "geometry": { "type": "Point", "coordinates": [ 106.138997376000077, 11.34214813400007, 0.0 ] } },
{ "type": "Feature", "properties": { "Name": "CTTL287" }, "geometry": { "type": "Point", "coordinates": [ 106.138430637000056, 11.343252311000072, 0.0 ] } },
{ "type": "Feature", "properties": { "Name": "CTTL288" }, "geometry": { "type": "Point", "coordinates": [ 106.138335663000078, 11.342646979000051, 0.0 ] } },
{ "type": "Feature", "properties": { "Name": "CTTL289" }, "geometry": { "type": "Point", "coordinates": [ 106.137953627000059, 11.343550868000023, 0.0 ] } },
{ "type": "Feature", "properties": { "Name": "CTTL290" }, "geometry": { "type": "Point", "coordinates": [ 106.137449882000055, 11.343236983000054, 0.0 ] } },
{ "type": "Feature", "properties": { "Name": "CTTL291" }, "geometry": { "type": "Point", "coordinates": [ 106.137548216000084, 11.344284483000024, 0.0 ] } },
{ "type": "Feature", "properties": { "Name": "CTTL292" }, "geometry": { "type": "Point", "coordinates": [ 106.137037474000067, 11.344079732000068, 0.0 ] } },
{ "type": "Feature", "properties": { "Name": "CTTL293" }, "geometry": { "type": "Point", "coordinates": [ 106.136996403000069, 11.345679189000066, 0.0 ] } },
{ "type": "Feature", "properties": { "Name": "CTTL294" }, "geometry": { "type": "Point", "coordinates": [ 106.136492772000054, 11.345501001000059, 0.0 ] } },
{ "type": "Feature", "properties": { "Name": "CTTL295" }, "geometry": { "type": "Point", "coordinates": [ 106.136541098000066, 11.346927591000053, 0.0 ] } },
{ "type": "Feature", "properties": { "Name": "CTTL296" }, "geometry": { "type": "Point", "coordinates": [ 106.136577775000035, 11.346941615000048, 0.0 ] } },
{ "type": "Feature", "properties": { "Name": "CTTL297" }, "geometry": { "type": "Point", "coordinates": [ 106.136548193000067, 11.34719382000003, 0.0 ] } },
{ "type": "Feature", "properties": { "Name": "CTTL298" }, "geometry": { "type": "Point", "coordinates": [ 106.136434853000083, 11.347146964000046, 0.0 ] } },
{ "type": "Feature", "properties": { "Name": "CTTL299" }, "geometry": { "type": "Point", "coordinates": [ 106.135977768000032, 11.346723946000054, 0.0 ] } },
{ "type": "Feature", "properties": { "Name": "CTTL300" }, "geometry": { "type": "Point", "coordinates": [ 106.135882365000043, 11.346668281000063, 0.0 ] } },
{ "type": "Feature", "properties": { "Name": "CTTL301" }, "geometry": { "type": "Point", "coordinates": [ 106.135837631000072, 11.346780390000049, 0.0 ] } },
{ "type": "Feature", "properties": { "Name": "CTTL302" }, "geometry": { "type": "Point", "coordinates": [ 106.135908743000073, 11.346872179000059, 0.0 ] } },
{ "type": "Feature", "properties": { "Name": "CTTL303" }, "geometry": { "type": "Point", "coordinates": [ 106.136021303000064, 11.348015389000068, 0.0 ] } },
{ "type": "Feature", "properties": { "Name": "CTTL304" }, "geometry": { "type": "Point", "coordinates": [ 106.135332804000086, 11.348133496000059, 0.0 ] } },
{ "type": "Feature", "properties": { "Name": "CTTL305" }, "geometry": { "type": "Point", "coordinates": [ 106.135457038000084, 11.349170816000026, 0.0 ] } },
{ "type": "Feature", "properties": { "Name": "CTTL306" }, "geometry": { "type": "Point", "coordinates": [ 106.134849379000059, 11.349057942000059, 0.0 ] } },
{ "type": "Feature", "properties": { "Name": "CTTL307" }, "geometry": { "type": "Point", "coordinates": [ 106.134799344000044, 11.350544592000062, 0.0 ] } },
{ "type": "Feature", "properties": { "Name": "CTTL308" }, "geometry": { "type": "Point", "coordinates": [ 106.134211477000065, 11.350392890000023, 0.0 ] } },
{ "type": "Feature", "properties": { "Name": "CTTL309" }, "geometry": { "type": "Point", "coordinates": [ 106.134336232000067, 11.351501177000046, 0.0 ] } },
{ "type": "Feature", "properties": { "Name": "CTTL310" }, "geometry": { "type": "Point", "coordinates": [ 106.133691446000057, 11.351546410000026, 0.0 ] } },
{ "type": "Feature", "properties": { "Name": "CTTL311" }, "geometry": { "type": "Point", "coordinates": [ 106.13352210000005, 11.353189628000052, 0.0 ] } },
{ "type": "Feature", "properties": { "Name": "CTTL312" }, "geometry": { "type": "Point", "coordinates": [ 106.132945933000087, 11.353069360000063, 0.0 ] } },
{ "type": "Feature", "properties": { "Name": "CTTL313" }, "geometry": { "type": "Point", "coordinates": [ 106.133113517000083, 11.354074403000027, 0.0 ] } },
{ "type": "Feature", "properties": { "Name": "CTTL314" }, "geometry": { "type": "Point", "coordinates": [ 106.132524181000065, 11.35396591500006, 0.0 ] } },
{ "type": "Feature", "properties": { "Name": "CTTL315" }, "geometry": { "type": "Point", "coordinates": [ 106.132137618000058, 11.354742335000026, 0.0 ] } },
{ "type": "Feature", "properties": { "Name": "CTTL316" }, "geometry": { "type": "Point", "coordinates": [ 106.13202480800004, 11.354728745000045, 0.0 ] } },
{ "type": "Feature", "properties": { "Name": "CTTL317" }, "geometry": { "type": "Point", "coordinates": [ 106.131963788000064, 11.354852551000022, 0.0 ] } },
{ "type": "Feature", "properties": { "Name": "CTTL318" }, "geometry": { "type": "Point", "coordinates": [ 106.132051911000076, 11.354929750000053, 0.0 ] } },
{ "type": "Feature", "properties": { "Name": "CTTL319" }, "geometry": { "type": "Point", "coordinates": [ 106.13253439600004, 11.355317369000034, 0.0 ] } },
{ "type": "Feature", "properties": { "Name": "CTTL320" }, "geometry": { "type": "Point", "coordinates": [ 106.131422077000082, 11.356236649000039, 0.0 ] } },
{ "type": "Feature", "properties": { "Name": "CTTL321" }, "geometry": { "type": "Point", "coordinates": [ 106.131910495000056, 11.356571822000035, 0.0 ] } },
{ "type": "Feature", "properties": { "Name": "CTTL322" }, "geometry": { "type": "Point", "coordinates": [ 106.131030922000036, 11.357177617000048, 0.0 ] } },
{ "type": "Feature", "properties": { "Name": "CTTL323" }, "geometry": { "type": "Point", "coordinates": [ 106.13160676800004, 11.357273118000023, 0.0 ] } },
{ "type": "Feature", "properties": { "Name": "CTTL324" }, "geometry": { "type": "Point", "coordinates": [ 106.130566784000052, 11.357551986000033, 0.0 ] } },
{ "type": "Feature", "properties": { "Name": "CTTL325" }, "geometry": { "type": "Point", "coordinates": [ 106.131409900000051, 11.357573416000037, 0.0 ] } },
{ "type": "Feature", "properties": { "Name": "CTTL326" }, "geometry": { "type": "Point", "coordinates": [ 106.130019135000055, 11.358699051000031, 0.0 ] } },
{ "type": "Feature", "properties": { "Name": "CTTL327" }, "geometry": { "type": "Point", "coordinates": [ 106.129240736000042, 11.358736876000023, 0.0 ] } },
{ "type": "Feature", "properties": { "Name": "CTTL328" }, "geometry": { "type": "Point", "coordinates": [ 106.129153883000072, 11.359656759000075, 0.0 ] } },
{ "type": "Feature", "properties": { "Name": "CTTL329" }, "geometry": { "type": "Point", "coordinates": [ 106.128487384000039, 11.359460102000071, 0.0 ] } },
{ "type": "Feature", "properties": { "Name": "CTTL330" }, "geometry": { "type": "Point", "coordinates": [ 106.128254208000044, 11.360377767000045, 0.0 ] } },
{ "type": "Feature", "properties": { "Name": "CTTL331" }, "geometry": { "type": "Point", "coordinates": [ 106.128273403000037, 11.360399242000028, 0.0 ] } },
{ "type": "Feature", "properties": { "Name": "CTTL332" }, "geometry": { "type": "Point", "coordinates": [ 106.128165314000057, 11.360660022000047, 0.0 ] } },
{ "type": "Feature", "properties": { "Name": "CTTL333" }, "geometry": { "type": "Point", "coordinates": [ 106.128084141000045, 11.360577112000044, 0.0 ] } },
{ "type": "Feature", "properties": { "Name": "CTTL334" }, "geometry": { "type": "Point", "coordinates": [ 106.127545910000038, 11.360172337000051, 0.0 ] } },
{ "type": "Feature", "properties": { "Name": "CTTL335" }, "geometry": { "type": "Point", "coordinates": [ 106.127156548000073, 11.361522201000071, 0.0 ] } },
{ "type": "Feature", "properties": { "Name": "CTTL336" }, "geometry": { "type": "Point", "coordinates": [ 106.126634491000061, 11.361056275000067, 0.0 ] } },
{ "type": "Feature", "properties": { "Name": "CTTL337" }, "geometry": { "type": "Point", "coordinates": [ 106.126088334000087, 11.362518937000061, 0.0 ] } },
{ "type": "Feature", "properties": { "Name": "CTTL338" }, "geometry": { "type": "Point", "coordinates": [ 106.12541249800006, 11.362244092000026, 0.0 ] } },
{ "type": "Feature", "properties": { "Name": "CTTL339" }, "geometry": { "type": "Point", "coordinates": [ 106.125102092000077, 11.363338300000066, 0.0 ] } },
{ "type": "Feature", "properties": { "Name": "CTTL340" }, "geometry": { "type": "Point", "coordinates": [ 106.124540366000076, 11.363084185000048, 0.0 ] } },
{ "type": "Feature", "properties": { "Name": "CTTL341" }, "geometry": { "type": "Point", "coordinates": [ 106.124113565000073, 11.364247076000026, 0.0 ] } },
{ "type": "Feature", "properties": { "Name": "CTTL342" }, "geometry": { "type": "Point", "coordinates": [ 106.123467532000063, 11.36406971200006, 0.0 ] } },
{ "type": "Feature", "properties": { "Name": "CTTL343" }, "geometry": { "type": "Point", "coordinates": [ 106.123464547000083, 11.364972692000038, 0.0 ] } },
{ "type": "Feature", "properties": { "Name": "CTTL344" }, "geometry": { "type": "Point", "coordinates": [ 106.122967370000083, 11.364615194000066, 0.0 ] } },
{ "type": "Feature", "properties": { "Name": "CTTL345" }, "geometry": { "type": "Point", "coordinates": [ 106.123269765000089, 11.365353803000062, 0.0 ] } },
{ "type": "Feature", "properties": { "Name": "CTTL346" }, "geometry": { "type": "Point", "coordinates": [ 106.122679810000079, 11.365180658000043, 0.0 ] } },
{ "type": "Feature", "properties": { "Name": "CTTL347" }, "geometry": { "type": "Point", "coordinates": [ 106.122617543000047, 11.366589403000035, 0.0 ] } },
{ "type": "Feature", "properties": { "Name": "CTTL348" }, "geometry": { "type": "Point", "coordinates": [ 106.121894844000053, 11.366719939000063, 0.0 ] } },
{ "type": "Feature", "properties": { "Name": "CTTL349" }, "geometry": { "type": "Point", "coordinates": [ 106.122038743000076, 11.367758580000043, 0.0 ] } },
{ "type": "Feature", "properties": { "Name": "CTTL350" }, "geometry": { "type": "Point", "coordinates": [ 106.121451458000081, 11.367593292000038, 0.0 ] } },
{ "type": "Feature", "properties": { "Name": "CTTL351" }, "geometry": { "type": "Point", "coordinates": [ 106.121361385000057, 11.369111578000059, 0.0 ] } },
{ "type": "Feature", "properties": { "Name": "CTTL352" }, "geometry": { "type": "Point", "coordinates": [ 106.12083444600006, 11.368805399000053, 0.0 ] } },
{ "type": "Feature", "properties": { "Name": "CTTL353" }, "geometry": { "type": "Point", "coordinates": [ 106.120539677000068, 11.369472493000046, 0.0 ] } },
{ "type": "Feature", "properties": { "Name": "CTTL354" }, "geometry": { "type": "Point", "coordinates": [ 106.120424645000071, 11.369408909000072, 0.0 ] } },
{ "type": "Feature", "properties": { "Name": "CTTL355" }, "geometry": { "type": "Point", "coordinates": [ 106.120328341000061, 11.369574193000062, 0.0 ] } },
{ "type": "Feature", "properties": { "Name": "CTTL356" }, "geometry": { "type": "Point", "coordinates": [ 106.120396002000064, 11.369636882000066, 0.0 ] } },
{ "type": "Feature", "properties": { "Name": "CTTL357" }, "geometry": { "type": "Point", "coordinates": [ 106.120675154000082, 11.370346613000038, 0.0 ] } },
{ "type": "Feature", "properties": { "Name": "CTTL358" }, "geometry": { "type": "Point", "coordinates": [ 106.11968612000004, 11.370911111000055, 0.0 ] } },
{ "type": "Feature", "properties": { "Name": "CTTL359" }, "geometry": { "type": "Point", "coordinates": [ 106.120075898000039, 11.37151158100005, 0.0 ] } },
{ "type": "Feature", "properties": { "Name": "CTTL360" }, "geometry": { "type": "Point", "coordinates": [ 106.119019711000078, 11.372165991000031, 0.0 ] } },
{ "type": "Feature", "properties": { "Name": "CTTL361" }, "geometry": { "type": "Point", "coordinates": [ 106.119573114000048, 11.372505748000037, 0.0 ] } },
{ "type": "Feature", "properties": { "Name": "CTTL362" }, "geometry": { "type": "Point", "coordinates": [ 106.118598897000084, 11.372977365000054, 0.0 ] } },
{ "type": "Feature", "properties": { "Name": "CTTL363" }, "geometry": { "type": "Point", "coordinates": [ 106.118469777000087, 11.37300927800004, 0.0 ] } },
{ "type": "Feature", "properties": { "Name": "CTTL364" }, "geometry": { "type": "Point", "coordinates": [ 106.118444120000049, 11.373050647000071, 0.0 ] } },
{ "type": "Feature", "properties": { "Name": "CTTL365" }, "geometry": { "type": "Point", "coordinates": [ 106.11853620800008, 11.373096290000035, 0.0 ] } },
{ "type": "Feature", "properties": { "Name": "CTTL366" }, "geometry": { "type": "Point", "coordinates": [ 106.118931771000064, 11.373702353000056, 0.0 ] } },
{ "type": "Feature", "properties": { "Name": "CTTL367" }, "geometry": { "type": "Point", "coordinates": [ 106.118195679000053, 11.375066407000077, 0.0 ] } },
{ "type": "Feature", "properties": { "Name": "CTTL368" }, "geometry": { "type": "Point", "coordinates": [ 106.117866182000057, 11.374378206000074, 0.0 ] } },
{ "type": "Feature", "properties": { "Name": "CTTL369" }, "geometry": { "type": "Point", "coordinates": [ 106.117713055000081, 11.375854946000061, 0.0 ] } },
{ "type": "Feature", "properties": { "Name": "CTTL370" }, "geometry": { "type": "Point", "coordinates": [ 106.117193833000044, 11.375647740000034, 0.0 ] } },
{ "type": "Feature", "properties": { "Name": "CTTL371" }, "geometry": { "type": "Point", "coordinates": [ 106.117418691000069, 11.376334082000028, 0.0 ] } },
{ "type": "Feature", "properties": { "Name": "CTTL372" }, "geometry": { "type": "Point", "coordinates": [ 106.117654620000053, 11.376459975000046, 0.0 ] } },
{ "type": "Feature", "properties": { "Name": "CTTL373" }, "geometry": { "type": "Point", "coordinates": [ 106.117607987000042, 11.376673883000024, 0.0 ] } },
{ "type": "Feature", "properties": { "Name": "CTTL374" }, "geometry": { "type": "Point", "coordinates": [ 106.11730876200005, 11.376556079000068, 0.0 ] } },
{ "type": "Feature", "properties": { "Name": "CTTL375" }, "geometry": { "type": "Point", "coordinates": [ 106.116938815000083, 11.37610283600003, 0.0 ] } },
{ "type": "Feature", "properties": { "Name": "CTTL376" }, "geometry": { "type": "Point", "coordinates": [ 106.116818859000034, 11.376050923000037, 0.0 ] } },
{ "type": "Feature", "properties": { "Name": "CTTL377" }, "geometry": { "type": "Point", "coordinates": [ 106.116698906000067, 11.376340835000065, 0.0 ] } },
{ "type": "Feature", "properties": { "Name": "CTTL378" }, "geometry": { "type": "Point", "coordinates": [ 106.116791781000074, 11.376368666000076, 0.0 ] } },
{ "type": "Feature", "properties": { "Name": "CTTL379" }, "geometry": { "type": "Point", "coordinates": [ 106.11650544400004, 11.378152071000045, 0.0 ] } },
{ "type": "Feature", "properties": { "Name": "CTTL380" }, "geometry": { "type": "Point", "coordinates": [ 106.11604789200004, 11.377864001000034, 0.0 ] } },
{ "type": "Feature", "properties": { "Name": "CTTL381" }, "geometry": { "type": "Point", "coordinates": [ 106.116012767000086, 11.379127226000037, 0.0 ] } },
{ "type": "Feature", "properties": { "Name": "CTTL382" }, "geometry": { "type": "Point", "coordinates": [ 106.115323440000054, 11.379155790000027, 0.0 ] } },
{ "type": "Feature", "properties": { "Name": "CTTL383" }, "geometry": { "type": "Point", "coordinates": [ 106.115430823000054, 11.380221361000054, 0.0 ] } },
{ "type": "Feature", "properties": { "Name": "CTTL384" }, "geometry": { "type": "Point", "coordinates": [ 106.114806760000079, 11.380263348000028, 0.0 ] } },
{ "type": "Feature", "properties": { "Name": "CTTL385" }, "geometry": { "type": "Point", "coordinates": [ 106.114508610000087, 11.382056902000045, 0.0 ] } },
{ "type": "Feature", "properties": { "Name": "CTTL386" }, "geometry": { "type": "Point", "coordinates": [ 106.114117773000032, 11.381520074000036, 0.0 ] } },
{ "type": "Feature", "properties": { "Name": "CTTL387" }, "geometry": { "type": "Point", "coordinates": [ 106.114007685000047, 11.383079986000041, 0.0 ] } },
{ "type": "Feature", "properties": { "Name": "CTTL388" }, "geometry": { "type": "Point", "coordinates": [ 106.113623420000067, 11.382532024000056, 0.0 ] } },
{ "type": "Feature", "properties": { "Name": "CTTL389" }, "geometry": { "type": "Point", "coordinates": [ 106.113519001000043, 11.382462720000035, 0.0 ] } },
{ "type": "Feature", "properties": { "Name": "CTTL390" }, "geometry": { "type": "Point", "coordinates": [ 106.113462071000072, 11.382576931000074, 0.0 ] } },
{ "type": "Feature", "properties": { "Name": "CTTL391" }, "geometry": { "type": "Point", "coordinates": [ 106.113571671000045, 11.382626697000035, 0.0 ] } },
{ "type": "Feature", "properties": { "Name": "CTTL392" }, "geometry": { "type": "Point", "coordinates": [ 106.113040482000088, 11.383596594000039, 0.0 ] } },
{ "type": "Feature", "properties": { "Name": "CTTL393" }, "geometry": { "type": "Point", "coordinates": [ 106.113431335000087, 11.384183328000063, 0.0 ] } },
{ "type": "Feature", "properties": { "Name": "CTTL394" }, "geometry": { "type": "Point", "coordinates": [ 106.112276372000053, 11.385080029000051, 0.0 ] } },
{ "type": "Feature", "properties": { "Name": "CTTL395" }, "geometry": { "type": "Point", "coordinates": [ 106.112785815000052, 11.385335179000037, 0.0 ] } },
{ "type": "Feature", "properties": { "Name": "CTTL396" }, "geometry": { "type": "Point", "coordinates": [ 106.111725046000061, 11.386106651000034, 0.0 ] } },
{ "type": "Feature", "properties": { "Name": "CTTL397" }, "geometry": { "type": "Point", "coordinates": [ 106.112139199000069, 11.386576533000039, 0.0 ] } },
{ "type": "Feature", "properties": { "Name": "CTTL398" }, "geometry": { "type": "Point", "coordinates": [ 106.111194101000081, 11.387067686000023, 0.0 ] } },
{ "type": "Feature", "properties": { "Name": "CTTL399" }, "geometry": { "type": "Point", "coordinates": [ 106.111107355000058, 11.387037037000027, 0.0 ] } },
{ "type": "Feature", "properties": { "Name": "CTTL400" }, "geometry": { "type": "Point", "coordinates": [ 106.110993062000034, 11.387278930000036, 0.0 ] } },
{ "type": "Feature", "properties": { "Name": "CTTL401" }, "geometry": { "type": "Point", "coordinates": [ 106.111066502000085, 11.387343418000057, 0.0 ] } },
{ "type": "Feature", "properties": { "Name": "CTTL402" }, "geometry": { "type": "Point", "coordinates": [ 106.111721881000051, 11.387327138000046, 0.0 ] } },
{ "type": "Feature", "properties": { "Name": "CTTL403" }, "geometry": { "type": "Point", "coordinates": [ 106.111794237000083, 11.387355917000036, 0.0 ] } },
{ "type": "Feature", "properties": { "Name": "CTTL404" }, "geometry": { "type": "Point", "coordinates": [ 106.111674480000033, 11.387699347000023, 0.0 ] } },
{ "type": "Feature", "properties": { "Name": "CTTL405" }, "geometry": { "type": "Point", "coordinates": [ 106.111568369000054, 11.387653552000074, 0.0 ] } },
{ "type": "Feature", "properties": { "Name": "CTTL406" }, "geometry": { "type": "Point", "coordinates": [ 106.110559632000047, 11.388381969000022, 0.0 ] } },
{ "type": "Feature", "properties": { "Name": "CTTL407" }, "geometry": { "type": "Point", "coordinates": [ 106.111098550000065, 11.388577935000058, 0.0 ] } },
{ "type": "Feature", "properties": { "Name": "CTTL408" }, "geometry": { "type": "Point", "coordinates": [ 106.110011065000037, 11.389418889000069, 0.0 ] } },
{ "type": "Feature", "properties": { "Name": "CTTL409" }, "geometry": { "type": "Point", "coordinates": [ 106.110404189000064, 11.389909067000076, 0.0 ] } },
{ "type": "Feature", "properties": { "Name": "CTTL410" }, "geometry": { "type": "Point", "coordinates": [ 106.10929780400005, 11.390785046000076, 0.0 ] } },
{ "type": "Feature", "properties": { "Name": "CTTL411" }, "geometry": { "type": "Point", "coordinates": [ 106.109723701000064, 11.391217207000068, 0.0 ] } },
{ "type": "Feature", "properties": { "Name": "CTTL412" }, "geometry": { "type": "Point", "coordinates": [ 106.108669348000035, 11.392003844000044, 0.0 ] } },
{ "type": "Feature", "properties": { "Name": "CTTL413" }, "geometry": { "type": "Point", "coordinates": [ 106.109204201000068, 11.392224773000066, 0.0 ] } },
{ "type": "Feature", "properties": { "Name": "CTTL414" }, "geometry": { "type": "Point", "coordinates": [ 106.10894538000008, 11.392713502000049, 0.0 ] } },
{ "type": "Feature", "properties": { "Name": "CTTL415" }, "geometry": { "type": "Point", "coordinates": [ 106.108309126000051, 11.393887836000033, 0.0 ] } },
{ "type": "Feature", "properties": { "Name": "CTTL416" }, "geometry": { "type": "Point", "coordinates": [ 106.107980140000052, 11.39331091400004, 0.0 ] } },
{ "type": "Feature", "properties": { "Name": "CTTL417" }, "geometry": { "type": "Point", "coordinates": [ 106.107685935000063, 11.395002113000032, 0.0 ] } },
{ "type": "Feature", "properties": { "Name": "CTTL418" }, "geometry": { "type": "Point", "coordinates": [ 106.107424845000082, 11.394338169000036, 0.0 ] } },
{ "type": "Feature", "properties": { "Name": "CTTL419" }, "geometry": { "type": "Point", "coordinates": [ 106.107164240000088, 11.395845142000042, 0.0 ] } },
{ "type": "Feature", "properties": { "Name": "CTTL420" }, "geometry": { "type": "Point", "coordinates": [ 106.106726424000044, 11.395584141000029, 0.0 ] } },
{ "type": "Feature", "properties": { "Name": "CTTL421" }, "geometry": { "type": "Point", "coordinates": [ 106.107027593000055, 11.396135447000063, 0.0 ] } },
{ "type": "Feature", "properties": { "Name": "CTTL422" }, "geometry": { "type": "Point", "coordinates": [ 106.107256103000054, 11.396256932000028, 0.0 ] } },
{ "type": "Feature", "properties": { "Name": "CTTL423" }, "geometry": { "type": "Point", "coordinates": [ 106.107027797000057, 11.39649083200004, 0.0 ] } },
{ "type": "Feature", "properties": { "Name": "CTTL424" }, "geometry": { "type": "Point", "coordinates": [ 106.106857122000065, 11.396376912000051, 0.0 ] } },
{ "type": "Feature", "properties": { "Name": "CTTL425" }, "geometry": { "type": "Point", "coordinates": [ 106.106496317000051, 11.395832418000055, 0.0 ] } },
{ "type": "Feature", "properties": { "Name": "CTTL426" }, "geometry": { "type": "Point", "coordinates": [ 106.106170796000072, 11.396025655000074, 0.0 ] } },
{ "type": "Feature", "properties": { "Name": "CTTL427" }, "geometry": { "type": "Point", "coordinates": [ 106.106546, 11.396576266000068, 0.0 ] } },
{ "type": "Feature", "properties": { "Name": "CTTL428" }, "geometry": { "type": "Point", "coordinates": [ 106.105575771000076, 11.396167372000036, 0.0 ] } },
{ "type": "Feature", "properties": { "Name": "CTTL429" }, "geometry": { "type": "Point", "coordinates": [ 106.10487226500004, 11.396314285000074, 0.0 ] } },
{ "type": "Feature", "properties": { "Name": "CTTL430" }, "geometry": { "type": "Point", "coordinates": [ 106.105574871000044, 11.396867568000062, 0.0 ] } },
{ "type": "Feature", "properties": { "Name": "CTTL431" }, "geometry": { "type": "Point", "coordinates": [ 106.105100887000049, 11.397008493000044, 0.0 ] } },
{ "type": "Feature", "properties": { "Name": "CTTL432" }, "geometry": { "type": "Point", "coordinates": [ 106.104042244000084, 11.396517417000041, 0.0 ] } },
{ "type": "Feature", "properties": { "Name": "CTTL433" }, "geometry": { "type": "Point", "coordinates": [ 106.10322263900008, 11.396664021000049, 0.0 ] } },
{ "type": "Feature", "properties": { "Name": "CTTL434" }, "geometry": { "type": "Point", "coordinates": [ 106.103650813000058, 11.397393441000077, 0.0 ] } },
{ "type": "Feature", "properties": { "Name": "CTTL435" }, "geometry": { "type": "Point", "coordinates": [ 106.10168765800006, 11.39702264500005, 0.0 ] } },
{ "type": "Feature", "properties": { "Name": "CTTL436" }, "geometry": { "type": "Point", "coordinates": [ 106.101902186000075, 11.397815789000049, 0.0 ] } },
{ "type": "Feature", "properties": { "Name": "CTTL437" }, "geometry": { "type": "Point", "coordinates": [ 106.100452717000053, 11.397358408000059, 0.0 ] } },
{ "type": "Feature", "properties": { "Name": "CTTL438" }, "geometry": { "type": "Point", "coordinates": [ 106.100490143000059, 11.398119641000051, 0.0 ] } },
{ "type": "Feature", "properties": { "Name": "CTTL439" }, "geometry": { "type": "Point", "coordinates": [ 106.099109841000086, 11.397611483000048, 0.0 ] } },
{ "type": "Feature", "properties": { "Name": "CTTL440" }, "geometry": { "type": "Point", "coordinates": [ 106.099335858000074, 11.398336621000055, 0.0 ] } },
{ "type": "Feature", "properties": { "Name": "CTTL441" }, "geometry": { "type": "Point", "coordinates": [ 106.097853564000047, 11.397913015000029, 0.0 ] } },
{ "type": "Feature", "properties": { "Name": "CTTL442" }, "geometry": { "type": "Point", "coordinates": [ 106.097966279000048, 11.39866180000007, 0.0 ] } },
{ "type": "Feature", "properties": { "Name": "CTTL443" }, "geometry": { "type": "Point", "coordinates": [ 106.097189640000067, 11.398238200000037, 0.0 ] } },
{ "type": "Feature", "properties": { "Name": "CTTL444" }, "geometry": { "type": "Point", "coordinates": [ 106.097540009000056, 11.39874990900006, 0.0 ] } },
{ "type": "Feature", "properties": { "Name": "CTTL445" }, "geometry": { "type": "Point", "coordinates": [ 106.096924459000036, 11.398414398000057, 0.0 ] } },
{ "type": "Feature", "properties": { "Name": "CTTL446" }, "geometry": { "type": "Point", "coordinates": [ 106.097317789000044, 11.398831546000054, 0.0 ] } },
{ "type": "Feature", "properties": { "Name": "CTTL447" }, "geometry": { "type": "Point", "coordinates": [ 106.097184926000068, 11.399008560000027, 0.0 ] } },
{ "type": "Feature", "properties": { "Name": "CTTL448" }, "geometry": { "type": "Point", "coordinates": [ 106.096720411000035, 11.398597252000059, 0.0 ] } },
{ "type": "Feature", "properties": { "Name": "CTTL449" }, "geometry": { "type": "Point", "coordinates": [ 106.096539050000047, 11.399509456000033, 0.0 ] } },
{ "type": "Feature", "properties": { "Name": "CTTL450" }, "geometry": { "type": "Point", "coordinates": [ 106.095869552000067, 11.399361103000047, 0.0 ] } },
{ "type": "Feature", "properties": { "Name": "CTTL451" }, "geometry": { "type": "Point", "coordinates": [ 106.09516866000007, 11.400021584000058, 0.0 ] } },
{ "type": "Feature", "properties": { "Name": "CTTL452" }, "geometry": { "type": "Point", "coordinates": [ 106.095963023000081, 11.400067617000047, 0.0 ] } },
{ "type": "Feature", "properties": { "Name": "CTTL453" }, "geometry": { "type": "Point", "coordinates": [ 106.094785112000068, 11.400385793000055, 0.0 ] } },
{ "type": "Feature", "properties": { "Name": "CTTL454" }, "geometry": { "type": "Point", "coordinates": [ 106.09531871300004, 11.400662259000057, 0.0 ] } },
{ "type": "Feature", "properties": { "Name": "CTTL455" }, "geometry": { "type": "Point", "coordinates": [ 106.094124875000034, 11.400990590000049, 0.0 ] } },
{ "type": "Feature", "properties": { "Name": "CTTL456" }, "geometry": { "type": "Point", "coordinates": [ 106.094571150000036, 11.401311171000032, 0.0 ] } },
{ "type": "Feature", "properties": { "Name": "CTTL457" }, "geometry": { "type": "Point", "coordinates": [ 106.093490275000079, 11.401587198000072, 0.0 ] } },
{ "type": "Feature", "properties": { "Name": "CTTL458" }, "geometry": { "type": "Point", "coordinates": [ 106.093990991000055, 11.401824496000074, 0.0 ] } },
{ "type": "Feature", "properties": { "Name": "CTTL459" }, "geometry": { "type": "Point", "coordinates": [ 106.092886969000062, 11.402119281000068, 0.0 ] } },
{ "type": "Feature", "properties": { "Name": "CTTL460" }, "geometry": { "type": "Point", "coordinates": [ 106.09323629000005, 11.402568798000061, 0.0 ] } },
{ "type": "Feature", "properties": { "Name": "CTTL461" }, "geometry": { "type": "Point", "coordinates": [ 106.092083316000071, 11.402855633000058, 0.0 ] } },
{ "type": "Feature", "properties": { "Name": "CTTL462" }, "geometry": { "type": "Point", "coordinates": [ 106.092506878000052, 11.403137298000047, 0.0 ] } },
{ "type": "Feature", "properties": { "Name": "CTTL463" }, "geometry": { "type": "Point", "coordinates": [ 106.091885627000067, 11.403015237000034, 0.0 ] } },
{ "type": "Feature", "properties": { "Name": "CTTL464" }, "geometry": { "type": "Point", "coordinates": [ 106.092184060000079, 11.403449760000058, 0.0 ] } },
{ "type": "Feature", "properties": { "Name": "CTTL465" }, "geometry": { "type": "Point", "coordinates": [ 106.091104552000047, 11.403638985000043, 0.0 ] } },
{ "type": "Feature", "properties": { "Name": "CTTL466" }, "geometry": { "type": "Point", "coordinates": [ 106.091601554000079, 11.403984330000071, 0.0 ] } },
{ "type": "Feature", "properties": { "Name": "CTTL467" }, "geometry": { "type": "Point", "coordinates": [ 106.090723119000074, 11.40401150200006, 0.0 ] } },
{ "type": "Feature", "properties": { "Name": "CTTL468" }, "geometry": { "type": "Point", "coordinates": [ 106.091269797000052, 11.404273484000043, 0.0 ] } },
{ "type": "Feature", "properties": { "Name": "CTTL469" }, "geometry": { "type": "Point", "coordinates": [ 106.090404241000044, 11.404280831000051, 0.0 ] } },
{ "type": "Feature", "properties": { "Name": "CTTL470" }, "geometry": { "type": "Point", "coordinates": [ 106.09002193200007, 11.404629573000022, 0.0 ] } },
{ "type": "Feature", "properties": { "Name": "CTTL471" }, "geometry": { "type": "Point", "coordinates": [ 106.09013985200005, 11.405289120000077, 0.0 ] } },
{ "type": "Feature", "properties": { "Name": "CTTL472" }, "geometry": { "type": "Point", "coordinates": [ 106.089342060000035, 11.405320556000049, 0.0 ] } },
{ "type": "Feature", "properties": { "Name": "CTTL473" }, "geometry": { "type": "Point", "coordinates": [ 106.089818531000049, 11.405574726000054, 0.0 ] } },
{ "type": "Feature", "properties": { "Name": "CTTL474" }, "geometry": { "type": "Point", "coordinates": [ 106.088837720000072, 11.405771881000021, 0.0 ] } },
{ "type": "Feature", "properties": { "Name": "CTTL475" }, "geometry": { "type": "Point", "coordinates": [ 106.089210551000065, 11.406157981000035, 0.0 ] } },
{ "type": "Feature", "properties": { "Name": "CTTL476" }, "geometry": { "type": "Point", "coordinates": [ 106.088220438000064, 11.40628915700006, 0.0 ] } },
{ "type": "Feature", "properties": { "Name": "CTTL477" }, "geometry": { "type": "Point", "coordinates": [ 106.08865090900008, 11.406676498000024, 0.0 ] } },
{ "type": "Feature", "properties": { "Name": "CTTL478" }, "geometry": { "type": "Point", "coordinates": [ 106.087726578000058, 11.406758812000021, 0.0 ] } },
{ "type": "Feature", "properties": { "Name": "CTTL479" }, "geometry": { "type": "Point", "coordinates": [ 106.08811735200004, 11.407136650000041, 0.0 ] } },
{ "type": "Feature", "properties": { "Name": "CTTL480" }, "geometry": { "type": "Point", "coordinates": [ 106.087102123000079, 11.407354934000068, 0.0 ] } },
{ "type": "Feature", "properties": { "Name": "CTTL481" }, "geometry": { "type": "Point", "coordinates": [ 106.087612054000033, 11.407569984000077, 0.0 ] } },
{ "type": "Feature", "properties": { "Name": "CTTL482" }, "geometry": { "type": "Point", "coordinates": [ 106.086670962000085, 11.407746893000024, 0.0 ] } },
{ "type": "Feature", "properties": { "Name": "CTTL483" }, "geometry": { "type": "Point", "coordinates": [ 106.087153509000075, 11.407969051000066, 0.0 ] } },
{ "type": "Feature", "properties": { "Name": "CTTL484" }, "geometry": { "type": "Point", "coordinates": [ 106.08657723400006, 11.408513092000021, 0.0 ] } },
{ "type": "Feature", "properties": { "Name": "CTTL485" }, "geometry": { "type": "Point", "coordinates": [ 106.086219343000039, 11.408128224000052, 0.0 ] } },
{ "type": "Feature", "properties": { "Name": "CTTL486" }, "geometry": { "type": "Point", "coordinates": [ 106.086196376000032, 11.408859204000066, 0.0 ] } },
{ "type": "Feature", "properties": { "Name": "CTTL487" }, "geometry": { "type": "Point", "coordinates": [ 106.085869139000067, 11.408453030000032, 0.0 ] } },
{ "type": "Feature", "properties": { "Name": "CTTL488" }, "geometry": { "type": "Point", "coordinates": [ 106.085711537000066, 11.409218, 0.0 ] } },
{ "type": "Feature", "properties": { "Name": "CTTL489" }, "geometry": { "type": "Point", "coordinates": [ 106.085402248000037, 11.408895324000071, 0.0 ] } },
{ "type": "Feature", "properties": { "Name": "CTTL490" }, "geometry": { "type": "Point", "coordinates": [ 106.085159218000058, 11.409738847000028, 0.0 ] } },
{ "type": "Feature", "properties": { "Name": "CTTL491" }, "geometry": { "type": "Point", "coordinates": [ 106.084899556000039, 11.409352154000032, 0.0 ] } },
{ "type": "Feature", "properties": { "Name": "CTTL492" }, "geometry": { "type": "Point", "coordinates": [ 106.084722247000059, 11.410205129000076, 0.0 ] } },
{ "type": "Feature", "properties": { "Name": "CTTL493" }, "geometry": { "type": "Point", "coordinates": [ 106.084367029000077, 11.409828300000072, 0.0 ] } },
{ "type": "Feature", "properties": { "Name": "CTTL494" }, "geometry": { "type": "Point", "coordinates": [ 106.084378377000064, 11.410537875000045, 0.0 ] } },
{ "type": "Feature", "properties": { "Name": "CTTL495" }, "geometry": { "type": "Point", "coordinates": [ 106.084461703000045, 11.410641586000054, 0.0 ] } },
{ "type": "Feature", "properties": { "Name": "CTTL496" }, "geometry": { "type": "Point", "coordinates": [ 106.084368424000047, 11.410734258000048, 0.0 ] } },
{ "type": "Feature", "properties": { "Name": "CTTL497" }, "geometry": { "type": "Point", "coordinates": [ 106.084273687000064, 11.410651725000037, 0.0 ] } },
{ "type": "Feature", "properties": { "Name": "CTTL498" }, "geometry": { "type": "Point", "coordinates": [ 106.083770573000038, 11.410366048000071, 0.0 ] } },
{ "type": "Feature", "properties": { "Name": "CTTL499" }, "geometry": { "type": "Point", "coordinates": [ 106.083551699000054, 11.411374241000033, 0.0 ] } },
{ "type": "Feature", "properties": { "Name": "CTTL500" }, "geometry": { "type": "Point", "coordinates": [ 106.083244445000048, 11.411644262000038, 0.0 ] } },
{ "type": "Feature", "properties": { "Name": "CTTL501" }, "geometry": { "type": "Point", "coordinates": [ 106.083278671000073, 11.41184607100007, 0.0 ] } },
{ "type": "Feature", "properties": { "Name": "CTTL502" }, "geometry": { "type": "Point", "coordinates": [ 106.083083435000049, 11.411956032000035, 0.0 ] } },
{ "type": "Feature", "properties": { "Name": "CTTL503" }, "geometry": { "type": "Point", "coordinates": [ 106.08302714000007, 11.411851182000021, 0.0 ] } },
{ "type": "Feature", "properties": { "Name": "CTTL504" }, "geometry": { "type": "Point", "coordinates": [ 106.082788924000056, 11.411196210000071, 0.0 ] } },
{ "type": "Feature", "properties": { "Name": "CTTL505" }, "geometry": { "type": "Point", "coordinates": [ 106.082673201000034, 11.411158017000048, 0.0 ] } },
{ "type": "Feature", "properties": { "Name": "CTTL506" }, "geometry": { "type": "Point", "coordinates": [ 106.08254934200005, 11.411263586000075, 0.0 ] } },
{ "type": "Feature", "properties": { "Name": "CTTL507" }, "geometry": { "type": "Point", "coordinates": [ 106.082580963000055, 11.411401935000072, 0.0 ] } },
{ "type": "Feature", "properties": { "Name": "CTTL508" }, "geometry": { "type": "Point", "coordinates": [ 106.082363933000067, 11.412418170000024, 0.0 ] } },
{ "type": "Feature", "properties": { "Name": "CTTL509" }, "geometry": { "type": "Point", "coordinates": [ 106.081909629000052, 11.412836839000022, 0.0 ] } },
{ "type": "Feature", "properties": { "Name": "CTTL510" }, "geometry": { "type": "Point", "coordinates": [ 106.08170024900005, 11.413021864000029, 0.0 ] } },
{ "type": "Feature", "properties": { "Name": "CTTL511" }, "geometry": { "type": "Point", "coordinates": [ 106.081339266000043, 11.413053769000044, 0.0 ] } },
{ "type": "Feature", "properties": { "Name": "CTTL512" }, "geometry": { "type": "Point", "coordinates": [ 106.081693616000052, 11.412239592000049, 0.0 ] } },
{ "type": "Feature", "properties": { "Name": "CTTL513" }, "geometry": { "type": "Point", "coordinates": [ 106.081541442000059, 11.412390962000075, 0.0 ] } },
{ "type": "Feature", "properties": { "Name": "CTTL514" }, "geometry": { "type": "Point", "coordinates": [ 106.081300576000046, 11.41241395000003, 0.0 ] } },
{ "type": "Feature", "properties": { "Name": "CTTL515" }, "geometry": { "type": "Point", "coordinates": [ 106.080192837000084, 11.413116882000054, 0.0 ] } },
{ "type": "Feature", "properties": { "Name": "CTTL516" }, "geometry": { "type": "Point", "coordinates": [ 106.079920599000047, 11.412491808000027, 0.0 ] } },
{ "type": "Feature", "properties": { "Name": "CTTL517" }, "geometry": { "type": "Point", "coordinates": [ 106.078999903000067, 11.413157841000043, 0.0 ] } },
{ "type": "Feature", "properties": { "Name": "CTTL518" }, "geometry": { "type": "Point", "coordinates": [ 106.078733, 11.412496503000057, 0.0 ] } },
{ "type": "Feature", "properties": { "Name": "CTTL519" }, "geometry": { "type": "Point", "coordinates": [ 106.077802537000082, 11.413227645000063, 0.0 ] } },
{ "type": "Feature", "properties": { "Name": "CTTL520" }, "geometry": { "type": "Point", "coordinates": [ 106.07807228300004, 11.412487499000065, 0.0 ] } },
{ "type": "Feature", "properties": { "Name": "CTTL521" }, "geometry": { "type": "Point", "coordinates": [ 106.076845766000076, 11.413231516000053, 0.0 ] } },
{ "type": "Feature", "properties": { "Name": "CTTL522" }, "geometry": { "type": "Point", "coordinates": [ 106.077009077000071, 11.412603685000022, 0.0 ] } },
{ "type": "Feature", "properties": { "Name": "CTTL523" }, "geometry": { "type": "Point", "coordinates": [ 106.075164983000036, 11.413240420000022, 0.0 ] } },
{ "type": "Feature", "properties": { "Name": "CTTL524" }, "geometry": { "type": "Point", "coordinates": [ 106.07571723600006, 11.412628914000038, 0.0 ] } },
{ "type": "Feature", "properties": { "Name": "CTTL525" }, "geometry": { "type": "Point", "coordinates": [ 106.074330384000064, 11.412707663000049, 0.0 ] } },
{ "type": "Feature", "properties": { "Name": "CTTL526" }, "geometry": { "type": "Point", "coordinates": [ 106.073588589000053, 11.413348378000023, 0.0 ] } },
{ "type": "Feature", "properties": { "Name": "CTTL527" }, "geometry": { "type": "Point", "coordinates": [ 106.073068232000082, 11.412778478000064, 0.0 ] } },
{ "type": "Feature", "properties": { "Name": "CTTL528" }, "geometry": { "type": "Point", "coordinates": [ 106.072786579000081, 11.413346057000069, 0.0 ] } },
{ "type": "Feature", "properties": { "Name": "CTTL529" }, "geometry": { "type": "Point", "coordinates": [ 106.07240063200004, 11.412810790000037, 0.0 ] } },
{ "type": "Feature", "properties": { "Name": "CTTL530" }, "geometry": { "type": "Point", "coordinates": [ 106.07169779600008, 11.413368702000071, 0.0 ] } },
{ "type": "Feature", "properties": { "Name": "CTTL531" }, "geometry": { "type": "Point", "coordinates": [ 106.070871513000043, 11.412821815000029, 0.0 ] } },
{ "type": "Feature", "properties": { "Name": "CTTL532" }, "geometry": { "type": "Point", "coordinates": [ 106.070524731000035, 11.413449549000063, 0.0 ] } },
{ "type": "Feature", "properties": { "Name": "CTTL533" }, "geometry": { "type": "Point", "coordinates": [ 106.069485474000032, 11.41294239900003, 0.0 ] } },
{ "type": "Feature", "properties": { "Name": "CTTL534" }, "geometry": { "type": "Point", "coordinates": [ 106.069858559000068, 11.413509336000061, 0.0 ] } },
{ "type": "Feature", "properties": { "Name": "CTTL535" }, "geometry": { "type": "Point", "coordinates": [ 106.069786003000047, 11.413611546000027, 0.0 ] } },
{ "type": "Feature", "properties": { "Name": "CTTL536" }, "geometry": { "type": "Point", "coordinates": [ 106.069695396000043, 11.413622751000048, 0.0 ] } },
{ "type": "Feature", "properties": { "Name": "CTTL537" }, "geometry": { "type": "Point", "coordinates": [ 106.069648014000052, 11.413528007000025, 0.0 ] } },
{ "type": "Feature", "properties": { "Name": "CTTL538" }, "geometry": { "type": "Point", "coordinates": [ 106.068617965000044, 11.412950319000061, 0.0 ] } },
{ "type": "Feature", "properties": { "Name": "CTTL539" }, "geometry": { "type": "Point", "coordinates": [ 106.068628336000074, 11.412820114000056, 0.0 ] } },
{ "type": "Feature", "properties": { "Name": "CTTL540" }, "geometry": { "type": "Point", "coordinates": [ 106.068421607000062, 11.412822051000035, 0.0 ] } },
{ "type": "Feature", "properties": { "Name": "CTTL541" }, "geometry": { "type": "Point", "coordinates": [ 106.068444954000086, 11.412950112000033, 0.0 ] } },
{ "type": "Feature", "properties": { "Name": "CTTL542" }, "geometry": { "type": "Point", "coordinates": [ 106.068684623000081, 11.413567666000063, 0.0 ] } },
{ "type": "Feature", "properties": { "Name": "CTTL543" }, "geometry": { "type": "Point", "coordinates": [ 106.068685737000067, 11.413620732000027, 0.0 ] } },
{ "type": "Feature", "properties": { "Name": "CTTL544" }, "geometry": { "type": "Point", "coordinates": [ 106.068137659000058, 11.413622517000022, 0.0 ] } },
{ "type": "Feature", "properties": { "Name": "CTTL545" }, "geometry": { "type": "Point", "coordinates": [ 106.068136655000046, 11.41357812900003, 0.0 ] } },
{ "type": "Feature", "properties": { "Name": "CTTL546" }, "geometry": { "type": "Point", "coordinates": [ 106.066688165000073, 11.412985694000042, 0.0 ] } },
{ "type": "Feature", "properties": { "Name": "CTTL547" }, "geometry": { "type": "Point", "coordinates": [ 106.066762854000046, 11.413634578000028, 0.0 ] } },
{ "type": "Feature", "properties": { "Name": "CTTL548" }, "geometry": { "type": "Point", "coordinates": [ 106.066056292000042, 11.41301313200006, 0.0 ] } },
{ "type": "Feature", "properties": { "Name": "CTTL549" }, "geometry": { "type": "Point", "coordinates": [ 106.06628614400006, 11.41367383100004, 0.0 ] } },
{ "type": "Feature", "properties": { "Name": "CTTL550" }, "geometry": { "type": "Point", "coordinates": [ 106.065163745000063, 11.413056891000053, 0.0 ] } },
{ "type": "Feature", "properties": { "Name": "CTTL551" }, "geometry": { "type": "Point", "coordinates": [ 106.065175986000042, 11.413685916000077, 0.0 ] } },
{ "type": "Feature", "properties": { "Name": "CTTL552" }, "geometry": { "type": "Point", "coordinates": [ 106.06400928000005, 11.41309093600006, 0.0 ] } },
{ "type": "Feature", "properties": { "Name": "CTTL553" }, "geometry": { "type": "Point", "coordinates": [ 106.064038392000043, 11.413726256000075, 0.0 ] } },
{ "type": "Feature", "properties": { "Name": "CTTL554" }, "geometry": { "type": "Point", "coordinates": [ 106.062642116000063, 11.413120592000041, 0.0 ] } },
{ "type": "Feature", "properties": { "Name": "CTTL555" }, "geometry": { "type": "Point", "coordinates": [ 106.062770940000064, 11.413762592000069, 0.0 ] } },
{ "type": "Feature", "properties": { "Name": "CTTL556" }, "geometry": { "type": "Point", "coordinates": [ 106.061268778000056, 11.413179455000034, 0.0 ] } },
{ "type": "Feature", "properties": { "Name": "CTTL557" }, "geometry": { "type": "Point", "coordinates": [ 106.061291048000044, 11.413833322000073, 0.0 ] } },
{ "type": "Feature", "properties": { "Name": "CTTL558" }, "geometry": { "type": "Point", "coordinates": [ 106.060127687000033, 11.41321219200006, 0.0 ] } },
{ "type": "Feature", "properties": { "Name": "CTTL559" }, "geometry": { "type": "Point", "coordinates": [ 106.05991748200006, 11.413871296000025, 0.0 ] } },
{ "type": "Feature", "properties": { "Name": "CTTL560" }, "geometry": { "type": "Point", "coordinates": [ 106.05930122400008, 11.413264397000034, 0.0 ] } },
{ "type": "Feature", "properties": { "Name": "CTTL561" }, "geometry": { "type": "Point", "coordinates": [ 106.058405159000074, 11.413947407000023, 0.0 ] } },
{ "type": "Feature", "properties": { "Name": "CTTL562" }, "geometry": { "type": "Point", "coordinates": [ 106.058309242000064, 11.413305341000068, 0.0 ] } },
{ "type": "Feature", "properties": { "Name": "CTTL563" }, "geometry": { "type": "Point", "coordinates": [ 106.057124018000081, 11.414014483000074, 0.0 ] } },
{ "type": "Feature", "properties": { "Name": "CTTL564" }, "geometry": { "type": "Point", "coordinates": [ 106.057002669000042, 11.413345524000022, 0.0 ] } },
{ "type": "Feature", "properties": { "Name": "CTTL565" }, "geometry": { "type": "Point", "coordinates": [ 106.055830951000075, 11.414027965000059, 0.0 ] } },
{ "type": "Feature", "properties": { "Name": "CTTL566" }, "geometry": { "type": "Point", "coordinates": [ 106.05559818100005, 11.413409754000043, 0.0 ] } },
{ "type": "Feature", "properties": { "Name": "CTTL567" }, "geometry": { "type": "Point", "coordinates": [ 106.054401041000062, 11.414074066000069, 0.0 ] } },
{ "type": "Feature", "properties": { "Name": "CTTL568" }, "geometry": { "type": "Point", "coordinates": [ 106.054628093000076, 11.413447932000054, 0.0 ] } },
{ "type": "Feature", "properties": { "Name": "CTTL569" }, "geometry": { "type": "Point", "coordinates": [ 106.053033854000034, 11.414143275000072, 0.0 ] } },
{ "type": "Feature", "properties": { "Name": "CTTL570" }, "geometry": { "type": "Point", "coordinates": [ 106.053142941000033, 11.413500821000071, 0.0 ] } },
{ "type": "Feature", "properties": { "Name": "CTTL571" }, "geometry": { "type": "Point", "coordinates": [ 106.052703936000057, 11.413515480000058, 0.0 ] } },
{ "type": "Feature", "properties": { "Name": "CTTL572" }, "geometry": { "type": "Point", "coordinates": [ 106.052693533000081, 11.41339589200004, 0.0 ] } },
{ "type": "Feature", "properties": { "Name": "CTTL573" }, "geometry": { "type": "Point", "coordinates": [ 106.052157220000083, 11.413416158000075, 0.0 ] } },
{ "type": "Feature", "properties": { "Name": "CTTL574" }, "geometry": { "type": "Point", "coordinates": [ 106.052145991000089, 11.413532623000037, 0.0 ] } },
{ "type": "Feature", "properties": { "Name": "CTTL575" }, "geometry": { "type": "Point", "coordinates": [ 106.051415034000058, 11.413549729000067, 0.0 ] } },
{ "type": "Feature", "properties": { "Name": "CTTL576" }, "geometry": { "type": "Point", "coordinates": [ 106.051594891000036, 11.414200047000065, 0.0 ] } },
{ "type": "Feature", "properties": { "Name": "CTTL577" }, "geometry": { "type": "Point", "coordinates": [ 106.051455383000075, 11.414323624000076, 0.0 ] } },
{ "type": "Feature", "properties": { "Name": "CTTL578" }, "geometry": { "type": "Point", "coordinates": [ 106.050949317000061, 11.414348352000047, 0.0 ] } },
{ "type": "Feature", "properties": { "Name": "CTTL579" }, "geometry": { "type": "Point", "coordinates": [ 106.050873394000064, 11.414228796000032, 0.0 ] } },
{ "type": "Feature", "properties": { "Name": "CTTL580" }, "geometry": { "type": "Point", "coordinates": [ 106.050307024000062, 11.414250381000045, 0.0 ] } },
{ "type": "Feature", "properties": { "Name": "CTTL581" }, "geometry": { "type": "Point", "coordinates": [ 106.049953444000039, 11.413609428000029, 0.0 ] } },
{ "type": "Feature", "properties": { "Name": "CTTL582" }, "geometry": { "type": "Point", "coordinates": [ 106.048770301000047, 11.413649343000031, 0.0 ] } },
{ "type": "Feature", "properties": { "Name": "CTTL583" }, "geometry": { "type": "Point", "coordinates": [ 106.048691571000063, 11.414309911000032, 0.0 ] } },
{ "type": "Feature", "properties": { "Name": "CTTL584" }, "geometry": { "type": "Point", "coordinates": [ 106.047733875000063, 11.413692776000062, 0.0 ] } },
{ "type": "Feature", "properties": { "Name": "CTTL585" }, "geometry": { "type": "Point", "coordinates": [ 106.047555484000043, 11.414328125000054, 0.0 ] } },
{ "type": "Feature", "properties": { "Name": "CTTL586" }, "geometry": { "type": "Point", "coordinates": [ 106.046242039000049, 11.413750434000065, 0.0 ] } },
{ "type": "Feature", "properties": { "Name": "CTTL587" }, "geometry": { "type": "Point", "coordinates": [ 106.04618240800005, 11.414386466000053, 0.0 ] } },
{ "type": "Feature", "properties": { "Name": "CTTL588" }, "geometry": { "type": "Point", "coordinates": [ 106.044727313000067, 11.413819337000064, 0.0 ] } },
{ "type": "Feature", "properties": { "Name": "CTTL589" }, "geometry": { "type": "Point", "coordinates": [ 106.044808421000084, 11.414448327000059, 0.0 ] } },
{ "type": "Feature", "properties": { "Name": "CTTL590" }, "geometry": { "type": "Point", "coordinates": [ 106.043418190000068, 11.413871759000074, 0.0 ] } },
{ "type": "Feature", "properties": { "Name": "CTTL591" }, "geometry": { "type": "Point", "coordinates": [ 106.043578270000069, 11.41449192500005, 0.0 ] } },
{ "type": "Feature", "properties": { "Name": "CTTL592" }, "geometry": { "type": "Point", "coordinates": [ 106.041779756000039, 11.413942775000066, 0.0 ] } },
{ "type": "Feature", "properties": { "Name": "CTTL593" }, "geometry": { "type": "Point", "coordinates": [ 106.041855607000059, 11.414557220000063, 0.0 ] } },
{ "type": "Feature", "properties": { "Name": "CTTL594" }, "geometry": { "type": "Point", "coordinates": [ 106.040650407000044, 11.413986265000062, 0.0 ] } },
{ "type": "Feature", "properties": { "Name": "CTTL595" }, "geometry": { "type": "Point", "coordinates": [ 106.040967058000035, 11.414589960000058, 0.0 ] } },
{ "type": "Feature", "properties": { "Name": "CTTL596" }, "geometry": { "type": "Point", "coordinates": [ 106.039341557000057, 11.414670070000057, 0.0 ] } },
{ "type": "Feature", "properties": { "Name": "CTTL597" }, "geometry": { "type": "Point", "coordinates": [ 106.039287662000049, 11.414809034000029, 0.0 ] } },
{ "type": "Feature", "properties": { "Name": "CTTL598" }, "geometry": { "type": "Point", "coordinates": [ 106.039147552000088, 11.414811461000056, 0.0 ] } },
{ "type": "Feature", "properties": { "Name": "CTTL599" }, "geometry": { "type": "Point", "coordinates": [ 106.039168732000064, 11.414672015000065, 0.0 ] } },
{ "type": "Feature", "properties": { "Name": "CTTL600" }, "geometry": { "type": "Point", "coordinates": [ 106.039494523000087, 11.414051134000033, 0.0 ] } },
{ "type": "Feature", "properties": { "Name": "CTTL601" }, "geometry": { "type": "Point", "coordinates": [ 106.038502768000058, 11.414119948000064, 0.0 ] } },
{ "type": "Feature", "properties": { "Name": "CTTL602" }, "geometry": { "type": "Point", "coordinates": [ 106.037979647000043, 11.413993886000071, 0.0 ] } },
{ "type": "Feature", "properties": { "Name": "CTTL603" }, "geometry": { "type": "Point", "coordinates": [ 106.038187505000053, 11.41463901000003, 0.0 ] } },
{ "type": "Feature", "properties": { "Name": "CTTL604" }, "geometry": { "type": "Point", "coordinates": [ 106.037646436000045, 11.413887545000023, 0.0 ] } },
{ "type": "Feature", "properties": { "Name": "CTTL605" }, "geometry": { "type": "Point", "coordinates": [ 106.036968355000056, 11.414735447000055, 0.0 ] } },
{ "type": "Feature", "properties": { "Name": "CTTL606" }, "geometry": { "type": "Point", "coordinates": [ 106.036788888000046, 11.41412914600005, 0.0 ] } },
{ "type": "Feature", "properties": { "Name": "CTTL607" }, "geometry": { "type": "Point", "coordinates": [ 106.036050351000085, 11.414796614000068, 0.0 ] } },
{ "type": "Feature", "properties": { "Name": "CTTL608" }, "geometry": { "type": "Point", "coordinates": [ 106.03581745300005, 11.414137069000049, 0.0 ] } },
{ "type": "Feature", "properties": { "Name": "CTTL609" }, "geometry": { "type": "Point", "coordinates": [ 106.034986638000078, 11.414855602000046, 0.0 ] } },
{ "type": "Feature", "properties": { "Name": "CTTL610" }, "geometry": { "type": "Point", "coordinates": [ 106.034864576000075, 11.414170450000029, 0.0 ] } },
{ "type": "Feature", "properties": { "Name": "CTTL611" }, "geometry": { "type": "Point", "coordinates": [ 106.034142916000064, 11.414897822000057, 0.0 ] } },
{ "type": "Feature", "properties": { "Name": "CTTL612" }, "geometry": { "type": "Point", "coordinates": [ 106.03345887200004, 11.414228700000024, 0.0 ] } },
{ "type": "Feature", "properties": { "Name": "CTTL613" }, "geometry": { "type": "Point", "coordinates": [ 106.032485633000078, 11.414940433000027, 0.0 ] } },
{ "type": "Feature", "properties": { "Name": "CTTL614" }, "geometry": { "type": "Point", "coordinates": [ 106.032233404000067, 11.414279202000046, 0.0 ] } },
{ "type": "Feature", "properties": { "Name": "CTTL615" }, "geometry": { "type": "Point", "coordinates": [ 106.031280233000075, 11.414992433000066, 0.0 ] } },
{ "type": "Feature", "properties": { "Name": "CTTL616" }, "geometry": { "type": "Point", "coordinates": [ 106.031025315000079, 11.414312672000051, 0.0 ] } },
{ "type": "Feature", "properties": { "Name": "CTTL617" }, "geometry": { "type": "Point", "coordinates": [ 106.029653358000076, 11.415076740000075, 0.0 ] } },
{ "type": "Feature", "properties": { "Name": "CTTL618" }, "geometry": { "type": "Point", "coordinates": [ 106.029889839000077, 11.414365986000064, 0.0 ] } },
{ "type": "Feature", "properties": { "Name": "CTTL619" }, "geometry": { "type": "Point", "coordinates": [ 106.028557241000044, 11.415107557000056, 0.0 ] } },
{ "type": "Feature", "properties": { "Name": "CTTL620" }, "geometry": { "type": "Point", "coordinates": [ 106.028221778000045, 11.414426764000041, 0.0 ] } },
{ "type": "Feature", "properties": { "Name": "CTTL621" }, "geometry": { "type": "Point", "coordinates": [ 106.026963197000043, 11.415156713000044, 0.0 ] } },
{ "type": "Feature", "properties": { "Name": "CTTL622" }, "geometry": { "type": "Point", "coordinates": [ 106.026709077000078, 11.414506600000038, 0.0 ] } },
{ "type": "Feature", "properties": { "Name": "CTTL623" }, "geometry": { "type": "Point", "coordinates": [ 106.025554105000083, 11.415220627000053, 0.0 ] } },
{ "type": "Feature", "properties": { "Name": "CTTL624" }, "geometry": { "type": "Point", "coordinates": [ 106.02570365400004, 11.414521422000064, 0.0 ] } },
{ "type": "Feature", "properties": { "Name": "CTTL625" }, "geometry": { "type": "Point", "coordinates": [ 106.024023672000055, 11.415278512000043, 0.0 ] } },
{ "type": "Feature", "properties": { "Name": "CTTL626" }, "geometry": { "type": "Point", "coordinates": [ 106.024247512000045, 11.414612355000031, 0.0 ] } },
{ "type": "Feature", "properties": { "Name": "CTTL627" }, "geometry": { "type": "Point", "coordinates": [ 106.023281036000071, 11.414628274000052, 0.0 ] } },
{ "type": "Feature", "properties": { "Name": "CTTL628" }, "geometry": { "type": "Point", "coordinates": [ 106.023260957000048, 11.414522896000051, 0.0 ] } },
{ "type": "Feature", "properties": { "Name": "CTTL629" }, "geometry": { "type": "Point", "coordinates": [ 106.022988079000072, 11.41453341700003, 0.0 ] } },
{ "type": "Feature", "properties": { "Name": "CTTL630" }, "geometry": { "type": "Point", "coordinates": [ 106.023000718000048, 11.414629769000044, 0.0 ] } },
{ "type": "Feature", "properties": { "Name": "CTTL631" }, "geometry": { "type": "Point", "coordinates": [ 106.022860941000033, 11.415314128000034, 0.0 ] } },
{ "type": "Feature", "properties": { "Name": "CTTL632" }, "geometry": { "type": "Point", "coordinates": [ 106.022394577000057, 11.41465381200004, 0.0 ] } },
{ "type": "Feature", "properties": { "Name": "CTTL633" }, "geometry": { "type": "Point", "coordinates": [ 106.021792051000034, 11.415352013000074, 0.0 ] } },
{ "type": "Feature", "properties": { "Name": "CTTL634" }, "geometry": { "type": "Point", "coordinates": [ 106.021447956000088, 11.414703412000051, 0.0 ] } },
{ "type": "Feature", "properties": { "Name": "CTTL635" }, "geometry": { "type": "Point", "coordinates": [ 106.020088693000048, 11.415409553000075, 0.0 ] } },
{ "type": "Feature", "properties": { "Name": "CTTL636" }, "geometry": { "type": "Point", "coordinates": [ 106.020008965000045, 11.414753700000063, 0.0 ] } },
{ "type": "Feature", "properties": { "Name": "CTTL637" }, "geometry": { "type": "Point", "coordinates": [ 106.01899452400005, 11.415454886000077, 0.0 ] } },
{ "type": "Feature", "properties": { "Name": "CTTL638" }, "geometry": { "type": "Point", "coordinates": [ 106.018733755000085, 11.414817344000028, 0.0 ] } },
{ "type": "Feature", "properties": { "Name": "CTTL639" }, "geometry": { "type": "Point", "coordinates": [ 106.017426468000053, 11.415486676000057, 0.0 ] } },
{ "type": "Feature", "properties": { "Name": "CTTL640" }, "geometry": { "type": "Point", "coordinates": [ 106.016961119000086, 11.414924803000076, 0.0 ] } },
{ "type": "Feature", "properties": { "Name": "CTTL641" }, "geometry": { "type": "Point", "coordinates": [ 106.015839585000037, 11.415547331000027, 0.0 ] } },
{ "type": "Feature", "properties": { "Name": "CTTL642" }, "geometry": { "type": "Point", "coordinates": [ 106.015840264000076, 11.415669470000068, 0.0 ] } },
{ "type": "Feature", "properties": { "Name": "CTTL643" }, "geometry": { "type": "Point", "coordinates": [ 106.015632891000052, 11.415672005000033, 0.0 ] } },
{ "type": "Feature", "properties": { "Name": "CTTL644" }, "geometry": { "type": "Point", "coordinates": [ 106.015638906000049, 11.415552295000055, 0.0 ] } },
{ "type": "Feature", "properties": { "Name": "CTTL645" }, "geometry": { "type": "Point", "coordinates": [ 106.015858581000089, 11.415003861000059, 0.0 ] } },
{ "type": "Feature", "properties": { "Name": "CTTL646" }, "geometry": { "type": "Point", "coordinates": [ 106.015695924000056, 11.414852082000039, 0.0 ] } },
{ "type": "Feature", "properties": { "Name": "CTTL647" }, "geometry": { "type": "Point", "coordinates": [ 106.015501694000079, 11.414875567000024, 0.0 ] } },
{ "type": "Feature", "properties": { "Name": "CTTL648" }, "geometry": { "type": "Point", "coordinates": [ 106.015540437000084, 11.415017258000034, 0.0 ] } },
{ "type": "Feature", "properties": { "Name": "CTTL649" }, "geometry": { "type": "Point", "coordinates": [ 106.014290328000072, 11.415586938000047, 0.0 ] } },
{ "type": "Feature", "properties": { "Name": "CTTL650" }, "geometry": { "type": "Point", "coordinates": [ 106.014728294000065, 11.415042732000074, 0.0 ] } },
{ "type": "Feature", "properties": { "Name": "CTTL651" }, "geometry": { "type": "Point", "coordinates": [ 106.012658339000041, 11.415637348000075, 0.0 ] } },
{ "type": "Feature", "properties": { "Name": "CTTL652" }, "geometry": { "type": "Point", "coordinates": [ 106.013214251000079, 11.41509492800003, 0.0 ] } },
{ "type": "Feature", "properties": { "Name": "CTTL653" }, "geometry": { "type": "Point", "coordinates": [ 106.010885287000065, 11.415721808000058, 0.0 ] } },
{ "type": "Feature", "properties": { "Name": "CTTL654" }, "geometry": { "type": "Point", "coordinates": [ 106.011484887000051, 11.415164668000045, 0.0 ] } },
{ "type": "Feature", "properties": { "Name": "CTTL655" }, "geometry": { "type": "Point", "coordinates": [ 106.009990153000047, 11.415767664000043, 0.0 ] } },
{ "type": "Feature", "properties": { "Name": "CTTL656" }, "geometry": { "type": "Point", "coordinates": [ 106.010281855000073, 11.415161519000037, 0.0 ] } },
{ "type": "Feature", "properties": { "Name": "CTTL657" }, "geometry": { "type": "Point", "coordinates": [ 106.008785805000059, 11.415799500000048, 0.0 ] } },
{ "type": "Feature", "properties": { "Name": "CTTL658" }, "geometry": { "type": "Point", "coordinates": [ 106.008600776000037, 11.415227, 0.0 ] } },
{ "type": "Feature", "properties": { "Name": "CTTL659" }, "geometry": { "type": "Point", "coordinates": [ 106.007394048000037, 11.415826410000022, 0.0 ] } },
{ "type": "Feature", "properties": { "Name": "CTTL660" }, "geometry": { "type": "Point", "coordinates": [ 106.007576189000076, 11.415290704000029, 0.0 ] } },
{ "type": "Feature", "properties": { "Name": "CTTL661" }, "geometry": { "type": "Point", "coordinates": [ 106.006123503000083, 11.415891257000055, 0.0 ] } },
{ "type": "Feature", "properties": { "Name": "CTTL662" }, "geometry": { "type": "Point", "coordinates": [ 106.006348135000053, 11.415337396000041, 0.0 ] } },
{ "type": "Feature", "properties": { "Name": "CTTL663" }, "geometry": { "type": "Point", "coordinates": [ 106.005657242000041, 11.415371496000034, 0.0 ] } },
{ "type": "Feature", "properties": { "Name": "CTTL664" }, "geometry": { "type": "Point", "coordinates": [ 106.005646376000072, 11.415238435000049, 0.0 ] } },
{ "type": "Feature", "properties": { "Name": "CTTL665" }, "geometry": { "type": "Point", "coordinates": [ 106.005414544000075, 11.415245435000031, 0.0 ] } },
{ "type": "Feature", "properties": { "Name": "CTTL666" }, "geometry": { "type": "Point", "coordinates": [ 106.005397094000045, 11.415379087000076, 0.0 ] } },
{ "type": "Feature", "properties": { "Name": "CTTL667" }, "geometry": { "type": "Point", "coordinates": [ 106.004753304000076, 11.415932041000076, 0.0 ] } },
{ "type": "Feature", "properties": { "Name": "CTTL668" }, "geometry": { "type": "Point", "coordinates": [ 106.004912284000056, 11.415406501000064, 0.0 ] } },
{ "type": "Feature", "properties": { "Name": "CTTL669" }, "geometry": { "type": "Point", "coordinates": [ 106.004046086000074, 11.415959927000074, 0.0 ] } },
{ "type": "Feature", "properties": { "Name": "CTTL670" }, "geometry": { "type": "Point", "coordinates": [ 106.003770645000088, 11.415454571000055, 0.0 ] } },
{ "type": "Feature", "properties": { "Name": "CTTL671" }, "geometry": { "type": "Point", "coordinates": [ 106.002546624000047, 11.415502959000037, 0.0 ] } },
{ "type": "Feature", "properties": { "Name": "CTTL672" }, "geometry": { "type": "Point", "coordinates": [ 106.002891898000087, 11.416012265000063, 0.0 ] } },
{ "type": "Feature", "properties": { "Name": "CTTL673" }, "geometry": { "type": "Point", "coordinates": [ 106.002879954000036, 11.416202683000051, 0.0 ] } },
{ "type": "Feature", "properties": { "Name": "CTTL674" }, "geometry": { "type": "Point", "coordinates": [ 106.002554381000039, 11.416213547000041, 0.0 ] } },
{ "type": "Feature", "properties": { "Name": "CTTL675" }, "geometry": { "type": "Point", "coordinates": [ 106.002553857000066, 11.416019715000061, 0.0 ] } },
{ "type": "Feature", "properties": { "Name": "CTTL676" }, "geometry": { "type": "Point", "coordinates": [ 106.001289761000066, 11.415584035000052, 0.0 ] } },
{ "type": "Feature", "properties": { "Name": "CTTL677" }, "geometry": { "type": "Point", "coordinates": [ 106.001312165000058, 11.416078887000026, 0.0 ] } },
{ "type": "Feature", "properties": { "Name": "CTTL678" }, "geometry": { "type": "Point", "coordinates": [ 106.000121780000086, 11.415608992000045, 0.0 ] } },
{ "type": "Feature", "properties": { "Name": "CTTL679" }, "geometry": { "type": "Point", "coordinates": [ 106.000027825000075, 11.416169678000074, 0.0 ] } },
{ "type": "Feature", "properties": { "Name": "CTTL680" }, "geometry": { "type": "Point", "coordinates": [ 105.998297510000043, 11.415649073000054, 0.0 ] } },
{ "type": "Feature", "properties": { "Name": "CTTL681" }, "geometry": { "type": "Point", "coordinates": [ 105.998572256000045, 11.416234265000071, 0.0 ] } },
{ "type": "Feature", "properties": { "Name": "CTTL682" }, "geometry": { "type": "Point", "coordinates": [ 105.997340926000049, 11.415667241000051, 0.0 ] } },
{ "type": "Feature", "properties": { "Name": "CTTL683" }, "geometry": { "type": "Point", "coordinates": [ 105.997354028000075, 11.416297177000047, 0.0 ] } },
{ "type": "Feature", "properties": { "Name": "CTTL684" }, "geometry": { "type": "Point", "coordinates": [ 105.996204871000089, 11.415713464000021, 0.0 ] } },
{ "type": "Feature", "properties": { "Name": "CTTL685" }, "geometry": { "type": "Point", "coordinates": [ 105.995854665000081, 11.416367882000031, 0.0 ] } },
{ "type": "Feature", "properties": { "Name": "CTTL686" }, "geometry": { "type": "Point", "coordinates": [ 105.99528015900006, 11.415773610000031, 0.0 ] } },
{ "type": "Feature", "properties": { "Name": "CTTL687" }, "geometry": { "type": "Point", "coordinates": [ 105.995261251000045, 11.415650507000066, 0.0 ] } },
{ "type": "Feature", "properties": { "Name": "CTTL688" }, "geometry": { "type": "Point", "coordinates": [ 105.995139388000041, 11.415660025000022, 0.0 ] } },
{ "type": "Feature", "properties": { "Name": "CTTL689" }, "geometry": { "type": "Point", "coordinates": [ 105.995119849000048, 11.415753991000031, 0.0 ] } },
{ "type": "Feature", "properties": { "Name": "CTTL690" }, "geometry": { "type": "Point", "coordinates": [ 105.995300211000085, 11.416397749000055, 0.0 ] } },
{ "type": "Feature", "properties": { "Name": "CTTL691" }, "geometry": { "type": "Point", "coordinates": [ 105.995304072000067, 11.416458135000028, 0.0 ] } },
{ "type": "Feature", "properties": { "Name": "CTTL692" }, "geometry": { "type": "Point", "coordinates": [ 105.995128341000054, 11.416476694000039, 0.0 ] } },
{ "type": "Feature", "properties": { "Name": "CTTL693" }, "geometry": { "type": "Point", "coordinates": [ 105.995090110000035, 11.416413744000067, 0.0 ] } },
{ "type": "Feature", "properties": { "Name": "CTTL694" }, "geometry": { "type": "Point", "coordinates": [ 105.993831060000048, 11.415817098000048, 0.0 ] } },
{ "type": "Feature", "properties": { "Name": "CTTL695" }, "geometry": { "type": "Point", "coordinates": [ 105.994138233000058, 11.416399618000071, 0.0 ] } },
{ "type": "Feature", "properties": { "Name": "CTTL696" }, "geometry": { "type": "Point", "coordinates": [ 105.992370707000077, 11.415871085000049, 0.0 ] } },
{ "type": "Feature", "properties": { "Name": "CTTL697" }, "geometry": { "type": "Point", "coordinates": [ 105.992815178000058, 11.416521724000063, 0.0 ] } },
{ "type": "Feature", "properties": { "Name": "CTTL698" }, "geometry": { "type": "Point", "coordinates": [ 105.990946227000052, 11.415896345000021, 0.0 ] } },
{ "type": "Feature", "properties": { "Name": "CTTL699" }, "geometry": { "type": "Point", "coordinates": [ 105.990927459000034, 11.41654649700007, 0.0 ] } },
{ "type": "Feature", "properties": { "Name": "CTTL700" }, "geometry": { "type": "Point", "coordinates": [ 105.989504133000082, 11.416018003000033, 0.0 ] } },
{ "type": "Feature", "properties": { "Name": "CTTL701" }, "geometry": { "type": "Point", "coordinates": [ 105.989768072000061, 11.41656344300003, 0.0 ] } },
{ "type": "Feature", "properties": { "Name": "CTTL702" }, "geometry": { "type": "Point", "coordinates": [ 105.988331634000076, 11.416083513000046, 0.0 ] } },
{ "type": "Feature", "properties": { "Name": "CTTL703" }, "geometry": { "type": "Point", "coordinates": [ 105.988321900000074, 11.416607079000073, 0.0 ] } },
{ "type": "Feature", "properties": { "Name": "CTTL704" }, "geometry": { "type": "Point", "coordinates": [ 105.987006432000044, 11.416129564000073, 0.0 ] } },
{ "type": "Feature", "properties": { "Name": "CTTL705" }, "geometry": { "type": "Point", "coordinates": [ 105.987062312000035, 11.416655371000047, 0.0 ] } },
{ "type": "Feature", "properties": { "Name": "CTTL706" }, "geometry": { "type": "Point", "coordinates": [ 105.985810984000068, 11.41617222900004, 0.0 ] } },
{ "type": "Feature", "properties": { "Name": "CTTL707" }, "geometry": { "type": "Point", "coordinates": [ 105.985857883000051, 11.416698956000062, 0.0 ] } },
{ "type": "Feature", "properties": { "Name": "CTTL708" }, "geometry": { "type": "Point", "coordinates": [ 105.984578525000074, 11.416222093000044, 0.0 ] } },
{ "type": "Feature", "properties": { "Name": "CTTL709" }, "geometry": { "type": "Point", "coordinates": [ 105.984552321000081, 11.416764853000075, 0.0 ] } },
{ "type": "Feature", "properties": { "Name": "CTTL710" }, "geometry": { "type": "Point", "coordinates": [ 105.983955669000068, 11.416771262000054, 0.0 ] } },
{ "type": "Feature", "properties": { "Name": "CTTL711" }, "geometry": { "type": "Point", "coordinates": [ 105.98395415300007, 11.416849558000024, 0.0 ] } },
{ "type": "Feature", "properties": { "Name": "CTTL712" }, "geometry": { "type": "Point", "coordinates": [ 105.983821010000042, 11.416854659000023, 0.0 ] } },
{ "type": "Feature", "properties": { "Name": "CTTL713" }, "geometry": { "type": "Point", "coordinates": [ 105.983798694000086, 11.416772697000056, 0.0 ] } },
{ "type": "Feature", "properties": { "Name": "CTTL714" }, "geometry": { "type": "Point", "coordinates": [ 105.983299672000044, 11.416257925000025, 0.0 ] } },
{ "type": "Feature", "properties": { "Name": "CTTL715" }, "geometry": { "type": "Point", "coordinates": [ 105.983305169000062, 11.416311076000056, 0.0 ] } },
{ "type": "Feature", "properties": { "Name": "CTTL716" }, "geometry": { "type": "Point", "coordinates": [ 105.983109447000061, 11.416322156000035, 0.0 ] } },
{ "type": "Feature", "properties": { "Name": "CTTL717" }, "geometry": { "type": "Point", "coordinates": [ 105.983106522000071, 11.416272166000056, 0.0 ] } },
{ "type": "Feature", "properties": { "Name": "CTTL718" }, "geometry": { "type": "Point", "coordinates": [ 105.982306814000083, 11.416341739000075, 0.0 ] } },
{ "type": "Feature", "properties": { "Name": "CTTL719" }, "geometry": { "type": "Point", "coordinates": [ 105.982391845000052, 11.416823653000051, 0.0 ] } },
{ "type": "Feature", "properties": { "Name": "CTTL720" }, "geometry": { "type": "Point", "coordinates": [ 105.981294022000043, 11.416397467000024, 0.0 ] } },
{ "type": "Feature", "properties": { "Name": "CTTL721" }, "geometry": { "type": "Point", "coordinates": [ 105.981468913000072, 11.416857897000057, 0.0 ] } },
{ "type": "Feature", "properties": { "Name": "CTTL722" }, "geometry": { "type": "Point", "coordinates": [ 105.98039650000004, 11.416446402000076, 0.0 ] } },
{ "type": "Feature", "properties": { "Name": "CTTL723" }, "geometry": { "type": "Point", "coordinates": [ 105.980511621000062, 11.416949964000025, 0.0 ] } },
{ "type": "Feature", "properties": { "Name": "CTTL724" }, "geometry": { "type": "Point", "coordinates": [ 105.979877507000083, 11.416476814000077, 0.0 ] } },
{ "type": "Feature", "properties": { "Name": "CTTL725" }, "geometry": { "type": "Point", "coordinates": [ 105.980017496000073, 11.417000226000027, 0.0 ] } },
{ "type": "Feature", "properties": { "Name": "CTTL726" }, "geometry": { "type": "Point", "coordinates": [ 105.979243606000068, 11.416456424000046, 0.0 ] } },
{ "type": "Feature", "properties": { "Name": "CTTL727" }, "geometry": { "type": "Point", "coordinates": [ 105.979424362000088, 11.416974074000052, 0.0 ] } },
{ "type": "Feature", "properties": { "Name": "CTTL728" }, "geometry": { "type": "Point", "coordinates": [ 106.210978543000067, 11.310453744000029, 0.0 ] } },
{ "type": "Feature", "properties": { "Name": "CTTL729" }, "geometry": { "type": "Point", "coordinates": [ 106.211665129000039, 11.310132604000046, 0.0 ] } },
{ "type": "Feature", "properties": { "Name": "CTTL730" }, "geometry": { "type": "Point", "coordinates": [ 106.210854673000085, 11.308103338000024, 0.0 ] } },
{ "type": "Feature", "properties": { "Name": "CTTL731" }, "geometry": { "type": "Point", "coordinates": [ 106.21154806800007, 11.307648021000034, 0.0 ] } },
{ "type": "Feature", "properties": { "Name": "CTTL732" }, "geometry": { "type": "Point", "coordinates": [ 106.210742605000064, 11.305262638000045, 0.0 ] } },
{ "type": "Feature", "properties": { "Name": "CTTL733" }, "geometry": { "type": "Point", "coordinates": [ 106.211401935000083, 11.305519522000054, 0.0 ] } },
{ "type": "Feature", "properties": { "Name": "CTTL734" }, "geometry": { "type": "Point", "coordinates": [ 106.21070141000007, 11.303302400000064, 0.0 ] } },
{ "type": "Feature", "properties": { "Name": "CTTL735" }, "geometry": { "type": "Point", "coordinates": [ 106.211313124000071, 11.303233490000025, 0.0 ] } },
{ "type": "Feature", "properties": { "Name": "CTTL736" }, "geometry": { "type": "Point", "coordinates": [ 106.210585885000057, 11.301026647000072, 0.0 ] } },
{ "type": "Feature", "properties": { "Name": "CTTL737" }, "geometry": { "type": "Point", "coordinates": [ 106.211237938000068, 11.301420061000044, 0.0 ] } },
{ "type": "Feature", "properties": { "Name": "CTTL738" }, "geometry": { "type": "Point", "coordinates": [ 106.21055221000006, 11.300482130000034, 0.0 ] } },
{ "type": "Feature", "properties": { "Name": "CTTL739" }, "geometry": { "type": "Point", "coordinates": [ 106.210274639000033, 11.300470862000054, 0.0 ] } },
{ "type": "Feature", "properties": { "Name": "CTTL740" }, "geometry": { "type": "Point", "coordinates": [ 106.210265786000036, 11.30026087300007, 0.0 ] } },
{ "type": "Feature", "properties": { "Name": "CTTL741" }, "geometry": { "type": "Point", "coordinates": [ 106.210536948000083, 11.300236084000062, 0.0 ] } },
{ "type": "Feature", "properties": { "Name": "CTTL742" }, "geometry": { "type": "Point", "coordinates": [ 106.211136890000034, 11.299518458000023, 0.0 ] } },
{ "type": "Feature", "properties": { "Name": "CTTL743" }, "geometry": { "type": "Point", "coordinates": [ 106.211385673000052, 11.299519578000059, 0.0 ] } },
{ "type": "Feature", "properties": { "Name": "CTTL744" }, "geometry": { "type": "Point", "coordinates": [ 106.21138329200005, 11.299371139000073, 0.0 ] } },
{ "type": "Feature", "properties": { "Name": "CTTL745" }, "geometry": { "type": "Point", "coordinates": [ 106.211132169000052, 11.299387202000048, 0.0 ] } },
{ "type": "Feature", "properties": { "Name": "CTTL746" }, "geometry": { "type": "Point", "coordinates": [ 106.21044155900006, 11.298696539000048, 0.0 ] } },
{ "type": "Feature", "properties": { "Name": "CTTL747" }, "geometry": { "type": "Point", "coordinates": [ 106.211086640000076, 11.298046789000068, 0.0 ] } },
{ "type": "Feature", "properties": { "Name": "CTTL748" }, "geometry": { "type": "Point", "coordinates": [ 106.210377859000062, 11.296968423000067, 0.0 ] } },
{ "type": "Feature", "properties": { "Name": "CTTL749" }, "geometry": { "type": "Point", "coordinates": [ 106.210290626000074, 11.29472207200007, 0.0 ] } },
{ "type": "Feature", "properties": { "Name": "CTTL750" }, "geometry": { "type": "Point", "coordinates": [ 106.210960233000037, 11.294513259000041, 0.0 ] } },
{ "type": "Feature", "properties": { "Name": "CTTL751" }, "geometry": { "type": "Point", "coordinates": [ 106.210183541000049, 11.292558670000062, 0.0 ] } },
{ "type": "Feature", "properties": { "Name": "CTTL752" }, "geometry": { "type": "Point", "coordinates": [ 106.210833857000068, 11.292441032000056, 0.0 ] } },
{ "type": "Feature", "properties": { "Name": "CTTL753" }, "geometry": { "type": "Point", "coordinates": [ 106.210086507000085, 11.290273016000071, 0.0 ] } },
{ "type": "Feature", "properties": { "Name": "CTTL754" }, "geometry": { "type": "Point", "coordinates": [ 106.210756853000078, 11.289959151000062, 0.0 ] } },
{ "type": "Feature", "properties": { "Name": "CTTL755" }, "geometry": { "type": "Point", "coordinates": [ 106.209995121000077, 11.288047648000031, 0.0 ] } },
{ "type": "Feature", "properties": { "Name": "CTTL756" }, "geometry": { "type": "Point", "coordinates": [ 106.21066165600007, 11.28804849200003, 0.0 ] } },
{ "type": "Feature", "properties": { "Name": "CTTL757" }, "geometry": { "type": "Point", "coordinates": [ 106.209898953000049, 11.285851311000044, 0.0 ] } },
{ "type": "Feature", "properties": { "Name": "CTTL758" }, "geometry": { "type": "Point", "coordinates": [ 106.210570214000086, 11.285578308000026, 0.0 ] } },
{ "type": "Feature", "properties": { "Name": "CTTL759" }, "geometry": { "type": "Point", "coordinates": [ 106.209844414000088, 11.28359782900003, 0.0 ] } },
{ "type": "Feature", "properties": { "Name": "CTTL760" }, "geometry": { "type": "Point", "coordinates": [ 106.210476959000061, 11.282779235000021, 0.0 ] } },
{ "type": "Feature", "properties": { "Name": "CTTL761" }, "geometry": { "type": "Point", "coordinates": [ 106.209680912000067, 11.281281865000039, 0.0 ] } },
{ "type": "Feature", "properties": { "Name": "CTTL762" }, "geometry": { "type": "Point", "coordinates": [ 106.210280801000067, 11.280668750000075, 0.0 ] } },
{ "type": "Feature", "properties": { "Name": "CTTL763" }, "geometry": { "type": "Point", "coordinates": [ 106.209566865000056, 11.279223799000022, 0.0 ] } },
{ "type": "Feature", "properties": { "Name": "CTTL764" }, "geometry": { "type": "Point", "coordinates": [ 106.210137408000037, 11.278746362000049, 0.0 ] } },
{ "type": "Feature", "properties": { "Name": "CTTL765" }, "geometry": { "type": "Point", "coordinates": [ 106.209507588000065, 11.276716198000031, 0.0 ] } },
{ "type": "Feature", "properties": { "Name": "CTTL766" }, "geometry": { "type": "Point", "coordinates": [ 106.210071136000067, 11.277457437000066, 0.0 ] } },
{ "type": "Feature", "properties": { "Name": "CTTL767" }, "geometry": { "type": "Point", "coordinates": [ 106.210016620000033, 11.275733906000028, 0.0 ] } },
{ "type": "Feature", "properties": { "Name": "CTTL768" }, "geometry": { "type": "Point", "coordinates": [ 106.209402744000045, 11.274673749000044, 0.0 ] } },
{ "type": "Feature", "properties": { "Name": "CTTL769" }, "geometry": { "type": "Point", "coordinates": [ 106.209887281000078, 11.27375100200004, 0.0 ] } },
{ "type": "Feature", "properties": { "Name": "CTTL770" }, "geometry": { "type": "Point", "coordinates": [ 106.209244737000063, 11.272053738000068, 0.0 ] } },
{ "type": "Feature", "properties": { "Name": "CTTL771" }, "geometry": { "type": "Point", "coordinates": [ 106.209820284000045, 11.271978231000048, 0.0 ] } },
{ "type": "Feature", "properties": { "Name": "CTTL772" }, "geometry": { "type": "Point", "coordinates": [ 106.209188655000048, 11.271481066000035, 0.0 ] } },
{ "type": "Feature", "properties": { "Name": "CTTL773" }, "geometry": { "type": "Point", "coordinates": [ 106.209207706000086, 11.270734366000056, 0.0 ] } },
{ "type": "Feature", "properties": { "Name": "CTTL774" }, "geometry": { "type": "Point", "coordinates": [ 106.209121964000076, 11.269793997000022, 0.0 ] } },
{ "type": "Feature", "properties": { "Name": "CTTL775" }, "geometry": { "type": "Point", "coordinates": [ 106.209770976000073, 11.269874354000024, 0.0 ] } },
{ "type": "Feature", "properties": { "Name": "CTTL776" }, "geometry": { "type": "Point", "coordinates": [ 106.208801592000043, 11.267739766000034, 0.0 ] } },
{ "type": "Feature", "properties": { "Name": "CTTL777" }, "geometry": { "type": "Point", "coordinates": [ 106.209428345000049, 11.267671280000059, 0.0 ] } },
{ "type": "Feature", "properties": { "Name": "CTTL778" }, "geometry": { "type": "Point", "coordinates": [ 106.209276837000061, 11.267102, 0.0 ] } },
{ "type": "Feature", "properties": { "Name": "CTTL779" }, "geometry": { "type": "Point", "coordinates": [ 106.20837748200006, 11.265284383000051, 0.0 ] } },
{ "type": "Feature", "properties": { "Name": "CTTL780" }, "geometry": { "type": "Point", "coordinates": [ 106.209077228000069, 11.265329182000073, 0.0 ] } },
{ "type": "Feature", "properties": { "Name": "CTTL781" }, "geometry": { "type": "Point", "coordinates": [ 106.208945028000073, 11.264714653000055, 0.0 ] } },
{ "type": "Feature", "properties": { "Name": "CTTL782" }, "geometry": { "type": "Point", "coordinates": [ 106.208062589000065, 11.26295648100006, 0.0 ] } },
{ "type": "Feature", "properties": { "Name": "CTTL783" }, "geometry": { "type": "Point", "coordinates": [ 106.208697271000062, 11.26325023000004, 0.0 ] } },
{ "type": "Feature", "properties": { "Name": "CTTL784" }, "geometry": { "type": "Point", "coordinates": [ 106.207624794000083, 11.262127605000046, 0.0 ] } },
{ "type": "Feature", "properties": { "Name": "CTTL785" }, "geometry": { "type": "Point", "coordinates": [ 106.208457974000055, 11.261910546000024, 0.0 ] } }
]
}
